category,scenario,utt_idx,speaker_id,sr,time_stretch_factor,gain_db,pitch_shift_semitones,speaker_has_real,speaker_real_snr_db,speaker_has_env,speaker_env_snr_db,speaker_env_src_category,speaker_has_hiss,speaker_hiss_snr_db
Collision,scenario_10_a,0,1,24000,1.0,-0.899882726523523,0.4729424283280248,True,23.180498006225246,False,,,True,16.405428597923887
Collision,scenario_10_a,1,2,24000,0.9586356562814186,0.0,0.0,True,25.568577543223853,True,26.59602511183038,rain,False,
Collision,scenario_10_a,2,1,24000,1.0,-0.899882726523523,0.4729424283280248,True,23.180498006225246,False,,,True,16.405428597923887
Collision,scenario_10_a,3,3,24000,1.0,0.0,-0.6800359965550995,True,15.952915592279357,True,22.936715176487056,engine,False,
Collision,scenario_10_a,4,1,24000,1.0,-0.899882726523523,0.4729424283280248,True,23.180498006225246,False,,,True,16.405428597923887
Collision,scenario_10_a,5,2,24000,0.9586356562814186,0.0,0.0,True,25.568577543223853,True,26.59602511183038,rain,False,
Collision,scenario_10_a,6,3,24000,1.0,0.0,-0.6800359965550995,True,15.952915592279357,True,22.936715176487056,engine,False,
Collision,scenario_10_b,0,1,24000,1.0,-0.10810822822162525,0.0,True,21.465767736095664,True,27.957551225544048,engine,True,24.801832323986872
Collision,scenario_10_b,1,2,24000,1.0,-0.05743549819712612,-0.19791941490109477,True,15.032330675271396,True,19.278738434203802,sea_waves,True,25.95757976123199
Collision,scenario_10_b,2,1,24000,1.0,-0.10810822822162525,0.0,True,21.465767736095664,True,27.957551225544048,engine,True,24.801832323986872
Collision,scenario_10_b,3,3,24000,1.0,0.0,0.667489909279614,True,29.75779965377223,False,,,True,25.017948055688755
Collision,scenario_10_b,4,1,24000,1.0,-0.10810822822162525,0.0,True,21.465767736095664,True,27.957551225544048,engine,True,24.801832323986872
Collision,scenario_10_b,5,2,24000,1.0,-0.05743549819712612,-0.19791941490109477,True,15.032330675271396,True,19.278738434203802,sea_waves,True,25.95757976123199
Collision,scenario_10_b,6,3,24000,1.0,0.0,0.667489909279614,True,29.75779965377223,False,,,True,25.017948055688755
Collision,scenario_10_c,0,1,24000,0.9840892667545816,0.0,0.0,False,,False,,,True,23.219058197035473
Collision,scenario_10_c,1,2,24000,1.0,0.0,0.39270850098100984,True,17.213570176369473,False,,,False,
Collision,scenario_10_c,2,1,24000,0.9840892667545816,0.0,0.0,False,,False,,,True,23.219058197035473
Collision,scenario_10_c,3,3,24000,1.0,0.0,0.0,True,26.48391864177104,True,29.141124861511454,thunderstorm,True,20.849799720955783
Collision,scenario_10_c,4,1,24000,0.9840892667545816,0.0,0.0,False,,False,,,True,23.219058197035473
Collision,scenario_10_c,5,2,24000,1.0,0.0,0.39270850098100984,True,17.213570176369473,False,,,False,
Collision,scenario_10_c,6,3,24000,1.0,0.0,0.0,True,26.48391864177104,True,29.141124861511454,thunderstorm,True,20.849799720955783
Collision,scenario_1_a,0,1,24000,1.0763262368005544,-0.14116613358707308,0.0,True,22.41459755423883,True,18.181797752696085,wind,False,
Collision,scenario_1_a,1,2,24000,1.0,0.0,0.0,False,,False,,,True,21.80617894279768
Collision,scenario_1_a,2,1,24000,1.0763262368005544,-0.14116613358707308,0.0,True,22.41459755423883,True,18.181797752696085,wind,False,
Collision,scenario_1_a,3,3,24000,1.0,0.0,0.04514507026043568,True,19.46029698776081,False,,,True,23.529442059363497
Collision,scenario_1_a,4,1,24000,1.0763262368005544,-0.14116613358707308,0.0,True,22.41459755423883,True,18.181797752696085,wind,False,
Collision,scenario_1_a,5,2,24000,1.0,0.0,0.0,False,,False,,,True,21.80617894279768
Collision,scenario_1_a,6,3,24000,1.0,0.0,0.04514507026043568,True,19.46029698776081,False,,,True,23.529442059363497
Collision,scenario_1_b,0,1,24000,1.0,0.0,0.9462936316433888,True,25.646742376503887,True,23.283771135805996,wind,True,29.883857090928295
Collision,scenario_1_b,1,2,24000,1.0,0.0,0.07716115540774737,True,26.44309016429969,True,28.044025248511026,thunderstorm,False,
Collision,scenario_1_b,2,1,24000,1.0,0.0,0.9462936316433888,True,25.646742376503887,True,23.283771135805996,wind,True,29.883857090928295
Collision,scenario_1_b,3,3,24000,1.0368799148811834,0.0,-0.8192413384620627,False,,False,,,True,16.50760860484226
Collision,scenario_1_b,4,1,24000,1.0,0.0,0.9462936316433888,True,25.646742376503887,True,23.283771135805996,wind,True,29.883857090928295
Collision,scenario_1_b,5,2,24000,1.0,0.0,0.07716115540774737,True,26.44309016429969,True,28.044025248511026,thunderstorm,False,
Collision,scenario_1_b,6,3,24000,1.0368799148811834,0.0,-0.8192413384620627,False,,False,,,True,16.50760860484226
Collision,scenario_1_c,0,1,24000,1.0,0.0,0.0,True,16.853831051452385,True,25.085111960265195,sea_waves,True,27.33625951840161
Collision,scenario_1_c,1,2,24000,1.0,0.0,-0.17023094512638615,True,24.234783210767347,False,,,True,25.354209956213452
Collision,scenario_1_c,2,1,24000,1.0,0.0,0.0,True,16.853831051452385,True,25.085111960265195,sea_waves,True,27.33625951840161
Collision,scenario_1_c,3,3,24000,1.0,0.0,0.0,False,,False,,,True,22.55758034678732
Collision,scenario_1_c,4,1,24000,1.0,0.0,0.0,True,16.853831051452385,True,25.085111960265195,sea_waves,True,27.33625951840161
Collision,scenario_1_c,5,2,24000,1.0,0.0,-0.17023094512638615,True,24.234783210767347,False,,,True,25.354209956213452
Collision,scenario_1_c,6,3,24000,1.0,0.0,0.0,False,,False,,,True,22.55758034678732
Collision,scenario_2_a,0,1,24000,1.0356435785867069,0.0,0.0,True,20.928950941314433,False,,,True,19.52129043027655
Collision,scenario_2_a,1,2,24000,1.0,-1.9165737639010048,0.0,False,,False,,,False,
Collision,scenario_2_a,2,1,24000,1.0356435785867069,0.0,0.0,True,20.928950941314433,False,,,True,19.52129043027655
Collision,scenario_2_a,3,3,24000,1.0,0.0,0.0,True,19.120105012292388,True,16.112859842599317,rain,True,15.564108683566381
Collision,scenario_2_a,4,1,24000,1.0356435785867069,0.0,0.0,True,20.928950941314433,False,,,True,19.52129043027655
Collision,scenario_2_a,5,2,24000,1.0,-1.9165737639010048,0.0,False,,False,,,False,
Collision,scenario_2_a,6,3,24000,1.0,0.0,0.0,True,19.120105012292388,True,16.112859842599317,rain,True,15.564108683566381
Collision,scenario_2_b,0,1,24000,0.9875346810276694,0.0,0.0,True,24.15893133188724,False,,,False,
Collision,scenario_2_b,1,2,24000,1.0,0.0,0.0,True,27.767490721271685,True,17.404685013680677,engine,True,22.700291068928166
Collision,scenario_2_b,2,1,24000,0.9875346810276694,0.0,0.0,True,24.15893133188724,False,,,False,
Collision,scenario_2_b,3,3,24000,1.0,0.06150292083762432,-0.7128463195074799,True,20.292240594390506,False,,,True,25.023223543794522
Collision,scenario_2_b,4,1,24000,0.9875346810276694,0.0,0.0,True,24.15893133188724,False,,,False,
Collision,scenario_2_b,5,2,24000,1.0,0.0,0.0,True,27.767490721271685,True,17.404685013680677,engine,True,22.700291068928166
Collision,scenario_2_b,6,3,24000,1.0,0.06150292083762432,-0.7128463195074799,True,20.292240594390506,False,,,True,25.023223543794522
Collision,scenario_2_c,0,1,24000,1.0,0.0,0.0,True,19.715781619723224,True,15.388700112962148,wind,True,22.76617911312588
Collision,scenario_2_c,1,2,24000,1.0,0.0,0.0,True,27.770430761296886,False,,,False,
Collision,scenario_2_c,2,1,24000,1.0,0.0,0.0,True,19.715781619723224,True,15.388700112962148,wind,True,22.76617911312588
Collision,scenario_2_c,3,3,24000,0.9645321502309111,0.0,0.0,False,,False,,,False,
Collision,scenario_2_c,4,1,24000,1.0,0.0,0.0,True,19.715781619723224,True,15.388700112962148,wind,True,22.76617911312588
Collision,scenario_2_c,5,2,24000,1.0,0.0,0.0,True,27.770430761296886,False,,,False,
Collision,scenario_2_c,6,3,24000,0.9645321502309111,0.0,0.0,False,,False,,,False,
Collision,scenario_3_a,0,1,24000,1.0,0.0,0.0,True,23.427252977489154,True,16.102976246142628,rain,True,26.466061720608593
Collision,scenario_3_a,1,2,24000,1.098123147512228,0.0,0.0,True,22.645711511262487,True,19.496858471061206,engine,False,
Collision,scenario_3_a,2,1,24000,1.0,0.0,0.0,True,23.427252977489154,True,16.102976246142628,rain,True,26.466061720608593
Collision,scenario_3_a,3,3,24000,1.0,0.0,0.0,True,27.0547879517056,True,17.8839625370507,thunderstorm,True,23.371299762111065
Collision,scenario_3_a,4,1,24000,1.0,0.0,0.0,True,23.427252977489154,True,16.102976246142628,rain,True,26.466061720608593
Collision,scenario_3_a,5,2,24000,1.098123147512228,0.0,0.0,True,22.645711511262487,True,19.496858471061206,engine,False,
Collision,scenario_3_a,6,3,24000,1.0,0.0,0.0,True,27.0547879517056,True,17.8839625370507,thunderstorm,True,23.371299762111065
Collision,scenario_3_b,0,1,24000,1.0,0.0,-0.3257756413404993,True,26.359241253863416,True,28.455641426759627,thunderstorm,False,
Collision,scenario_3_b,1,2,24000,1.0,-1.5271006087841097,0.0,True,28.846590209206756,False,,,False,
Collision,scenario_3_b,2,1,24000,1.0,0.0,-0.3257756413404993,True,26.359241253863416,True,28.455641426759627,thunderstorm,False,
Collision,scenario_3_b,3,3,24000,1.0,0.0,0.0,True,22.65563031049252,False,,,True,22.698717648024623
Collision,scenario_3_b,4,1,24000,1.0,0.0,-0.3257756413404993,True,26.359241253863416,True,28.455641426759627,thunderstorm,False,
Collision,scenario_3_b,5,2,24000,1.0,-1.5271006087841097,0.0,True,28.846590209206756,False,,,False,
Collision,scenario_3_b,6,3,24000,1.0,0.0,0.0,True,22.65563031049252,False,,,True,22.698717648024623
Collision,scenario_3_c,0,1,24000,1.0,0.0,0.0,False,,False,,,True,26.78706893970777
Collision,scenario_3_c,1,2,24000,1.0,-1.7088626865099883,0.0,True,23.38275714408791,True,19.547820384467364,wind,False,
Collision,scenario_3_c,2,1,24000,1.0,0.0,0.0,False,,False,,,True,26.78706893970777
Collision,scenario_3_c,3,3,24000,1.0,0.0,0.5899510287072682,True,23.19819493088681,True,29.854853113197848,thunderstorm,False,
Collision,scenario_3_c,4,1,24000,1.0,0.0,0.0,False,,False,,,True,26.78706893970777
Collision,scenario_3_c,5,2,24000,1.0,-1.7088626865099883,0.0,True,23.38275714408791,True,19.547820384467364,wind,False,
Collision,scenario_3_c,6,3,24000,1.0,0.0,0.5899510287072682,True,23.19819493088681,True,29.854853113197848,thunderstorm,False,
Collision,scenario_4_a,0,1,24000,1.0,-0.2516469886260033,0.0,True,24.207978504321545,False,,,False,
Collision,scenario_4_a,1,2,24000,1.0,-1.9792191105198795,0.0,True,16.53347121169869,True,21.732655155321773,rain,True,21.12066262624706
Collision,scenario_4_a,2,1,24000,1.0,-0.2516469886260033,0.0,True,24.207978504321545,False,,,False,
Collision,scenario_4_a,3,3,24000,1.0,0.0,0.0,True,26.729615544053647,True,27.247417731493698,thunderstorm,True,16.70831735417997
Collision,scenario_4_a,4,1,24000,1.0,-0.2516469886260033,0.0,True,24.207978504321545,False,,,False,
Collision,scenario_4_a,5,2,24000,1.0,-1.9792191105198795,0.0,True,16.53347121169869,True,21.732655155321773,rain,True,21.12066262624706
Collision,scenario_4_a,6,3,24000,1.0,0.0,0.0,True,26.729615544053647,True,27.247417731493698,thunderstorm,True,16.70831735417997
Collision,scenario_4_b,0,1,24000,1.0,0.0,0.0,True,25.103832934721,False,,,False,
Collision,scenario_4_b,1,2,24000,0.9333731047654779,0.0,0.6839704282730961,True,20.385587582570533,True,17.92692737451374,engine,True,23.423731160026566
Collision,scenario_4_b,2,1,24000,1.0,0.0,0.0,True,25.103832934721,False,,,False,
Collision,scenario_4_b,3,3,24000,1.0,-1.4430601362928956,-0.586114558496468,True,22.984211960556173,False,,,True,29.685002346044826
Collision,scenario_4_b,4,1,24000,1.0,0.0,0.0,True,25.103832934721,False,,,False,
Collision,scenario_4_b,5,2,24000,0.9333731047654779,0.0,0.6839704282730961,True,20.385587582570533,True,17.92692737451374,engine,True,23.423731160026566
Collision,scenario_4_b,6,3,24000,1.0,-1.4430601362928956,-0.586114558496468,True,22.984211960556173,False,,,True,29.685002346044826
Collision,scenario_4_c,0,1,24000,1.0,0.0,0.0,False,,False,,,True,25.15705616878566
Collision,scenario_4_c,1,2,24000,1.0,0.40399624705338066,0.0,True,25.357141125219805,False,,,True,19.52474000365798
Collision,scenario_4_c,2,1,24000,1.0,0.0,0.0,False,,False,,,True,25.15705616878566
Collision,scenario_4_c,3,3,24000,1.0,0.7947035264219653,0.0,False,,True,28.86941631523709,wind,True,24.184451916310834
Collision,scenario_4_c,4,1,24000,1.0,0.0,0.0,False,,False,,,True,25.15705616878566
Collision,scenario_4_c,5,2,24000,1.0,0.40399624705338066,0.0,True,25.357141125219805,False,,,True,19.52474000365798
Collision,scenario_4_c,6,3,24000,1.0,0.7947035264219653,0.0,False,,True,28.86941631523709,wind,True,24.184451916310834
Collision,scenario_5_a,0,1,24000,1.0324887856307898,-0.8332959037723859,0.0,False,,True,19.893773531696688,wind,True,18.50416839957469
Collision,scenario_5_a,1,2,24000,1.0,-0.804637156123913,0.0,True,21.06588339670762,True,23.25181338003121,sea_waves,True,16.528610229927683
Collision,scenario_5_a,2,1,24000,1.0324887856307898,-0.8332959037723859,0.0,False,,True,19.893773531696688,wind,True,18.50416839957469
Collision,scenario_5_a,3,3,24000,1.0,0.0,0.0,True,20.16051179684814,False,,,True,19.056535271534607
Collision,scenario_5_a,4,1,24000,1.0324887856307898,-0.8332959037723859,0.0,False,,True,19.893773531696688,wind,True,18.50416839957469
Collision,scenario_5_a,5,2,24000,1.0,-0.804637156123913,0.0,True,21.06588339670762,True,23.25181338003121,sea_waves,True,16.528610229927683
Collision,scenario_5_a,6,3,24000,1.0,0.0,0.0,True,20.16051179684814,False,,,True,19.056535271534607
Collision,scenario_5_b,0,1,24000,1.0,-1.9948753700212403,0.0,True,28.26827996380841,True,20.268467539477047,rain,True,27.43210466349377
Collision,scenario_5_b,1,2,24000,1.0,1.5590130816161745,-0.7974843780533287,True,21.13919798625969,False,,,False,
Collision,scenario_5_b,2,1,24000,1.0,-1.9948753700212403,0.0,True,28.26827996380841,True,20.268467539477047,rain,True,27.43210466349377
Collision,scenario_5_b,3,3,24000,1.0,0.0,0.0,False,,True,22.14393421622203,sea_waves,True,28.54165802008731
Collision,scenario_5_b,4,1,24000,1.0,-1.9948753700212403,0.0,True,28.26827996380841,True,20.268467539477047,rain,True,27.43210466349377
Collision,scenario_5_b,5,2,24000,1.0,1.5590130816161745,-0.7974843780533287,True,21.13919798625969,False,,,False,
Collision,scenario_5_b,6,3,24000,1.0,0.0,0.0,False,,True,22.14393421622203,sea_waves,True,28.54165802008731
Collision,scenario_5_c,0,1,24000,1.0,0.0,-0.022426521866864224,True,28.057211578776943,False,,,True,17.452704217767764
Collision,scenario_5_c,1,2,24000,1.0,0.43337553158657416,0.0,True,24.64110466935246,True,27.773792596389637,rain,True,18.273135811093972
Collision,scenario_5_c,2,1,24000,1.0,0.0,-0.022426521866864224,True,28.057211578776943,False,,,True,17.452704217767764
Collision,scenario_5_c,3,3,24000,1.0,0.0,0.0,False,,False,,,False,
Collision,scenario_5_c,4,1,24000,1.0,0.0,-0.022426521866864224,True,28.057211578776943,False,,,True,17.452704217767764
Collision,scenario_5_c,5,2,24000,1.0,0.43337553158657416,0.0,True,24.64110466935246,True,27.773792596389637,rain,True,18.273135811093972
Collision,scenario_5_c,6,3,24000,1.0,0.0,0.0,False,,False,,,False,
Collision,scenario_6_a,0,1,24000,1.0,0.0,0.3794994967548522,True,16.85392594493356,True,17.296906471866546,sea_waves,True,24.454670102444055
Collision,scenario_6_a,1,2,24000,1.0,0.0,0.0,True,25.074496986978072,False,,,False,
Collision,scenario_6_a,2,1,24000,1.0,0.0,0.3794994967548522,True,16.85392594493356,True,17.296906471866546,sea_waves,True,24.454670102444055
Collision,scenario_6_a,3,3,24000,1.0822453522544357,0.0,0.0,True,20.696261686738314,True,27.938636617861405,rain,False,
Collision,scenario_6_a,4,1,24000,1.0,0.0,0.3794994967548522,True,16.85392594493356,True,17.296906471866546,sea_waves,True,24.454670102444055
Collision,scenario_6_a,5,2,24000,1.0,0.0,0.0,True,25.074496986978072,False,,,False,
Collision,scenario_6_a,6,3,24000,1.0822453522544357,0.0,0.0,True,20.696261686738314,True,27.938636617861405,rain,False,
Collision,scenario_6_b,0,1,24000,1.086043251830629,0.0,0.0,False,,False,,,True,21.217055176924955
Collision,scenario_6_b,1,2,24000,1.0,0.0,0.0,False,,False,,,True,17.000577465241403
Collision,scenario_6_b,2,1,24000,1.086043251830629,0.0,0.0,False,,False,,,True,21.217055176924955
Collision,scenario_6_b,3,3,24000,1.0,1.4721414946176412,0.0,False,,False,,,True,18.56393208849307
Collision,scenario_6_b,4,1,24000,1.086043251830629,0.0,0.0,False,,False,,,True,21.217055176924955
Collision,scenario_6_b,5,2,24000,1.0,0.0,0.0,False,,False,,,True,17.000577465241403
Collision,scenario_6_b,6,3,24000,1.0,1.4721414946176412,0.0,False,,False,,,True,18.56393208849307
Collision,scenario_6_c,0,1,24000,1.0,0.0,0.07550842804832247,True,26.62810110694592,False,,,False,
Collision,scenario_6_c,1,2,24000,1.0696502478012286,0.0,0.0,True,19.520260647673066,True,28.90036319617288,engine,True,27.331835552385805
Collision,scenario_6_c,2,1,24000,1.0,0.0,0.07550842804832247,True,26.62810110694592,False,,,False,
Collision,scenario_6_c,3,3,24000,1.0,0.4780631086173317,0.0,True,19.92519117329371,False,,,True,17.285924430812003
Collision,scenario_6_c,4,1,24000,1.0,0.0,0.07550842804832247,True,26.62810110694592,False,,,False,
Collision,scenario_6_c,5,2,24000,1.0696502478012286,0.0,0.0,True,19.520260647673066,True,28.90036319617288,engine,True,27.331835552385805
Collision,scenario_6_c,6,3,24000,1.0,0.4780631086173317,0.0,True,19.92519117329371,False,,,True,17.285924430812003
Collision,scenario_7_a,0,1,24000,0.931471470538114,0.0,0.0,True,27.167589440594398,False,,,True,22.182219640801232
Collision,scenario_7_a,1,2,24000,0.9821533703816514,0.3305845505134215,0.0,True,18.967810478179345,False,,,True,21.802052177101377
Collision,scenario_7_a,2,1,24000,0.931471470538114,0.0,0.0,True,27.167589440594398,False,,,True,22.182219640801232
Collision,scenario_7_a,3,3,24000,1.060857430571171,0.0,-0.1478568218413603,True,27.82465389401893,True,24.178210155169722,wind,False,
Collision,scenario_7_a,4,1,24000,0.931471470538114,0.0,0.0,True,27.167589440594398,False,,,True,22.182219640801232
Collision,scenario_7_a,5,2,24000,0.9821533703816514,0.3305845505134215,0.0,True,18.967810478179345,False,,,True,21.802052177101377
Collision,scenario_7_a,6,3,24000,1.060857430571171,0.0,-0.1478568218413603,True,27.82465389401893,True,24.178210155169722,wind,False,
Collision,scenario_7_b,0,1,24000,1.0,0.0,0.0,True,20.656204212066,True,26.36209927570009,sea_waves,False,
Collision,scenario_7_b,1,2,24000,0.9186018860324183,0.0,0.0,True,17.67728620878109,True,28.4147437930531,wind,True,29.206771635952173
Collision,scenario_7_b,2,1,24000,1.0,0.0,0.0,True,20.656204212066,True,26.36209927570009,sea_waves,False,
Collision,scenario_7_b,3,3,24000,1.0,0.0,0.03641027897701532,True,15.177299679156734,True,16.511217392098477,sea_waves,True,27.927630349215207
Collision,scenario_7_b,4,1,24000,1.0,0.0,0.0,True,20.656204212066,True,26.36209927570009,sea_waves,False,
Collision,scenario_7_b,5,2,24000,0.9186018860324183,0.0,0.0,True,17.67728620878109,True,28.4147437930531,wind,True,29.206771635952173
Collision,scenario_7_b,6,3,24000,1.0,0.0,0.03641027897701532,True,15.177299679156734,True,16.511217392098477,sea_waves,True,27.927630349215207
Collision,scenario_7_c,0,1,24000,1.0,-1.3323581398413902,-0.8724152008176795,False,,False,,,True,20.955187811402542
Collision,scenario_7_c,1,2,24000,1.0,0.39033679534624266,0.0,True,21.524660571306175,False,,,True,28.63384727543238
Collision,scenario_7_c,2,1,24000,1.0,-1.3323581398413902,-0.8724152008176795,False,,False,,,True,20.955187811402542
Collision,scenario_7_c,3,3,24000,1.0,1.8788648705175741,0.944665209982894,True,25.727939133169123,False,,,True,17.260255405462328
Collision,scenario_7_c,4,1,24000,1.0,-1.3323581398413902,-0.8724152008176795,False,,False,,,True,20.955187811402542
Collision,scenario_7_c,5,2,24000,1.0,0.39033679534624266,0.0,True,21.524660571306175,False,,,True,28.63384727543238
Collision,scenario_7_c,6,3,24000,1.0,1.8788648705175741,0.944665209982894,True,25.727939133169123,False,,,True,17.260255405462328
Collision,scenario_8_a,0,1,24000,1.0,0.0,0.0,True,25.815053440258847,False,,,True,20.812362602711033
Collision,scenario_8_a,1,2,24000,1.0,-0.03437799428690358,0.0,True,24.583750746477413,True,29.073657865497907,wind,True,20.536029762877103
Collision,scenario_8_a,2,1,24000,1.0,0.0,0.0,True,25.815053440258847,False,,,True,20.812362602711033
Collision,scenario_8_a,3,3,24000,1.0,0.0,0.0,True,29.765916379752014,True,15.325520571863994,thunderstorm,False,
Collision,scenario_8_a,4,2,24000,1.0,-0.03437799428690358,0.0,True,24.583750746477413,True,29.073657865497907,wind,True,20.536029762877103
Collision,scenario_8_a,5,1,24000,1.0,0.0,0.0,True,25.815053440258847,False,,,True,20.812362602711033
Collision,scenario_8_b,0,1,24000,1.0,0.0,-0.46748581861299443,True,28.86207121342624,True,21.20373078698746,thunderstorm,True,17.85734612353947
Collision,scenario_8_b,1,2,24000,1.0,0.0,0.38759045011223514,True,22.067854556003375,True,23.07008186860479,wind,True,22.84898822199797
Collision,scenario_8_b,2,1,24000,1.0,0.0,-0.46748581861299443,True,28.86207121342624,True,21.20373078698746,thunderstorm,True,17.85734612353947
Collision,scenario_8_b,3,3,24000,1.0,0.0,0.9564885344890925,True,15.93014545281891,True,28.356031291181424,rain,False,
Collision,scenario_8_b,4,2,24000,1.0,0.0,0.38759045011223514,True,22.067854556003375,True,23.07008186860479,wind,True,22.84898822199797
Collision,scenario_8_b,5,1,24000,1.0,0.0,-0.46748581861299443,True,28.86207121342624,True,21.20373078698746,thunderstorm,True,17.85734612353947
Collision,scenario_8_c,0,1,24000,0.9409124211462383,1.8187962766178738,0.0,True,19.873434402060685,True,21.413335249371837,sea_waves,False,
Collision,scenario_8_c,1,2,24000,0.9774795703830222,0.0,0.0,True,20.97059837181839,True,21.920207459459444,rain,True,24.197014188658386
Collision,scenario_8_c,2,1,24000,0.9409124211462383,1.8187962766178738,0.0,True,19.873434402060685,True,21.413335249371837,sea_waves,False,
Collision,scenario_8_c,3,3,24000,1.0424094975759246,0.0,0.0,False,,True,17.71044039549909,wind,False,
Collision,scenario_8_c,4,2,24000,0.9774795703830222,0.0,0.0,True,20.97059837181839,True,21.920207459459444,rain,True,24.197014188658386
Collision,scenario_8_c,5,1,24000,0.9409124211462383,1.8187962766178738,0.0,True,19.873434402060685,True,21.413335249371837,sea_waves,False,
Collision,scenario_9_a,0,1,24000,1.0,0.0,0.0,True,29.92536503336327,True,24.21434971272584,sea_waves,True,25.93777115999061
Collision,scenario_9_a,1,2,24000,1.0,0.0,-0.3334342190420392,True,24.239900144947264,True,17.91023369847031,wind,False,
Collision,scenario_9_a,2,1,24000,1.0,0.0,0.0,True,29.92536503336327,True,24.21434971272584,sea_waves,True,25.93777115999061
Collision,scenario_9_a,3,3,24000,1.0,1.5081949304831697,0.0,False,,True,19.53477447945767,wind,True,26.774159748561125
Collision,scenario_9_a,4,2,24000,1.0,0.0,-0.3334342190420392,True,24.239900144947264,True,17.91023369847031,wind,False,
Collision,scenario_9_a,5,3,24000,1.0,1.5081949304831697,0.0,False,,True,19.53477447945767,wind,True,26.774159748561125
Collision,scenario_9_b,0,1,24000,1.0,0.0,0.0,True,27.26162968555247,False,,,True,23.002273933426917
Collision,scenario_9_b,1,2,24000,1.0,0.0,0.5358830295296824,True,22.61924498933541,True,26.95136660042941,rain,True,24.74177119183436
Collision,scenario_9_b,2,1,24000,1.0,0.0,0.0,True,27.26162968555247,False,,,True,23.002273933426917
Collision,scenario_9_b,3,3,24000,1.0,0.0,0.0,False,,False,,,True,24.172361342581546
Collision,scenario_9_b,4,2,24000,1.0,0.0,0.5358830295296824,True,22.61924498933541,True,26.95136660042941,rain,True,24.74177119183436
Collision,scenario_9_b,5,3,24000,1.0,0.0,0.0,False,,False,,,True,24.172361342581546
Collision,scenario_9_c,0,1,24000,1.0,0.0,0.0,True,22.033032155115315,False,,,True,26.007218211685938
Collision,scenario_9_c,1,2,24000,0.9223098808583938,0.36708050188324526,-0.10669366464366292,False,,True,18.542938212109934,sea_waves,True,22.910832821802916
Collision,scenario_9_c,2,1,24000,1.0,0.0,0.0,True,22.033032155115315,False,,,True,26.007218211685938
Collision,scenario_9_c,3,3,24000,1.0,0.0,0.0,True,25.16577240343522,False,,,True,15.158669837504831
Collision,scenario_9_c,4,2,24000,0.9223098808583938,0.36708050188324526,-0.10669366464366292,False,,True,18.542938212109934,sea_waves,True,22.910832821802916
Collision,scenario_9_c,5,3,24000,1.0,0.0,0.0,True,25.16577240343522,False,,,True,15.158669837504831
Fire,scenario_10_a,0,1,24000,0.9659661738643311,0.0,0.4152113041268448,False,,True,27.660737305257552,sea_waves,False,
Fire,scenario_10_a,1,2,24000,1.0,0.0,0.0,True,24.459255861734142,True,28.278212319998957,sea_waves,True,17.841967434429705
Fire,scenario_10_a,2,1,24000,0.9659661738643311,0.0,0.4152113041268448,False,,True,27.660737305257552,sea_waves,False,
Fire,scenario_10_a,3,2,24000,1.0,0.0,0.0,True,24.459255861734142,True,28.278212319998957,sea_waves,True,17.841967434429705
Fire,scenario_10_a,4,1,24000,0.9659661738643311,0.0,0.4152113041268448,False,,True,27.660737305257552,sea_waves,False,
Fire,scenario_10_a,5,2,24000,1.0,0.0,0.0,True,24.459255861734142,True,28.278212319998957,sea_waves,True,17.841967434429705
Fire,scenario_10_a,6,1,24000,0.9659661738643311,0.0,0.4152113041268448,False,,True,27.660737305257552,sea_waves,False,
Fire,scenario_10_b,0,1,24000,1.0,0.0,-0.05801948033135762,True,21.537975908623032,True,21.82486308865928,sea_waves,True,17.04606921871083
Fire,scenario_10_b,1,2,24000,1.0,0.0,0.0,False,,True,21.421655498763045,engine,False,
Fire,scenario_10_b,2,1,24000,1.0,0.0,-0.05801948033135762,True,21.537975908623032,True,21.82486308865928,sea_waves,True,17.04606921871083
Fire,scenario_10_b,3,2,24000,1.0,0.0,0.0,False,,True,21.421655498763045,engine,False,
Fire,scenario_10_b,4,1,24000,1.0,0.0,-0.05801948033135762,True,21.537975908623032,True,21.82486308865928,sea_waves,True,17.04606921871083
Fire,scenario_10_b,5,2,24000,1.0,0.0,0.0,False,,True,21.421655498763045,engine,False,
Fire,scenario_10_b,6,1,24000,1.0,0.0,-0.05801948033135762,True,21.537975908623032,True,21.82486308865928,sea_waves,True,17.04606921871083
Fire,scenario_10_c,0,1,24000,1.0,0.0,0.0,True,26.916859204339026,True,15.61727184732702,wind,True,16.897102680901657
Fire,scenario_10_c,1,2,24000,1.0,0.0,0.0,False,,True,25.974607819204913,wind,False,
Fire,scenario_10_c,2,1,24000,1.0,0.0,0.0,True,26.916859204339026,True,15.61727184732702,wind,True,16.897102680901657
Fire,scenario_10_c,3,2,24000,1.0,0.0,0.0,False,,True,25.974607819204913,wind,False,
Fire,scenario_10_c,4,1,24000,1.0,0.0,0.0,True,26.916859204339026,True,15.61727184732702,wind,True,16.897102680901657
Fire,scenario_10_c,5,2,24000,1.0,0.0,0.0,False,,True,25.974607819204913,wind,False,
Fire,scenario_10_c,6,1,24000,1.0,0.0,0.0,True,26.916859204339026,True,15.61727184732702,wind,True,16.897102680901657
Fire,scenario_1_a,0,1,24000,1.0,0.0,0.0,True,20.43784015951679,False,,,True,17.155762688766902
Fire,scenario_1_a,1,2,24000,1.0,0.0,-0.7375356864421108,True,19.67360198770285,True,28.345895780725225,sea_waves,True,26.453843187925756
Fire,scenario_1_a,2,1,24000,1.0,0.0,0.0,True,20.43784015951679,False,,,True,17.155762688766902
Fire,scenario_1_a,3,2,24000,1.0,0.0,-0.7375356864421108,True,19.67360198770285,True,28.345895780725225,sea_waves,True,26.453843187925756
Fire,scenario_1_a,4,1,24000,1.0,0.0,0.0,True,20.43784015951679,False,,,True,17.155762688766902
Fire,scenario_1_a,5,2,24000,1.0,0.0,-0.7375356864421108,True,19.67360198770285,True,28.345895780725225,sea_waves,True,26.453843187925756
Fire,scenario_1_a,6,1,24000,1.0,0.0,0.0,True,20.43784015951679,False,,,True,17.155762688766902
Fire,scenario_1_a,7,2,24000,1.0,0.0,-0.7375356864421108,True,19.67360198770285,True,28.345895780725225,sea_waves,True,26.453843187925756
Fire,scenario_1_a,8,1,24000,1.0,0.0,0.0,True,20.43784015951679,False,,,True,17.155762688766902
Fire,scenario_1_a,9,2,24000,1.0,0.0,-0.7375356864421108,True,19.67360198770285,True,28.345895780725225,sea_waves,True,26.453843187925756
Fire,scenario_1_a,10,1,24000,1.0,0.0,0.0,True,20.43784015951679,False,,,True,17.155762688766902
Fire,scenario_1_a,11,2,24000,1.0,0.0,-0.7375356864421108,True,19.67360198770285,True,28.345895780725225,sea_waves,True,26.453843187925756
Fire,scenario_1_a,12,1,24000,1.0,0.0,0.0,True,20.43784015951679,False,,,True,17.155762688766902
Fire,scenario_1_b,0,1,24000,1.0,0.7474196136365014,-0.5230331552988503,True,18.68379914727562,False,,,True,23.397375157992514
Fire,scenario_1_b,1,2,24000,1.0141946758843665,0.0,0.32843427105220524,True,28.97333437859194,True,18.571152828613815,wind,True,27.100308684268256
Fire,scenario_1_b,2,1,24000,1.0,0.7474196136365014,-0.5230331552988503,True,18.68379914727562,False,,,True,23.397375157992514
Fire,scenario_1_b,3,2,24000,1.0141946758843665,0.0,0.32843427105220524,True,28.97333437859194,True,18.571152828613815,wind,True,27.100308684268256
Fire,scenario_1_b,4,1,24000,1.0,0.7474196136365014,-0.5230331552988503,True,18.68379914727562,False,,,True,23.397375157992514
Fire,scenario_1_b,5,2,24000,1.0141946758843665,0.0,0.32843427105220524,True,28.97333437859194,True,18.571152828613815,wind,True,27.100308684268256
Fire,scenario_1_b,6,1,24000,1.0,0.7474196136365014,-0.5230331552988503,True,18.68379914727562,False,,,True,23.397375157992514
Fire,scenario_1_b,7,2,24000,1.0141946758843665,0.0,0.32843427105220524,True,28.97333437859194,True,18.571152828613815,wind,True,27.100308684268256
Fire,scenario_1_b,8,1,24000,1.0,0.7474196136365014,-0.5230331552988503,True,18.68379914727562,False,,,True,23.397375157992514
Fire,scenario_1_b,9,2,24000,1.0141946758843665,0.0,0.32843427105220524,True,28.97333437859194,True,18.571152828613815,wind,True,27.100308684268256
Fire,scenario_1_b,10,1,24000,1.0,0.7474196136365014,-0.5230331552988503,True,18.68379914727562,False,,,True,23.397375157992514
Fire,scenario_1_b,11,2,24000,1.0141946758843665,0.0,0.32843427105220524,True,28.97333437859194,True,18.571152828613815,wind,True,27.100308684268256
Fire,scenario_1_b,12,1,24000,1.0,0.7474196136365014,-0.5230331552988503,True,18.68379914727562,False,,,True,23.397375157992514
Fire,scenario_1_c,0,1,24000,1.0,0.0,0.0,True,19.478199909349353,False,,,True,28.825497140374182
Fire,scenario_1_c,1,2,24000,1.0,0.0,0.0,True,27.023170383007603,True,25.26470905947353,rain,True,18.729802577543115
Fire,scenario_1_c,2,1,24000,1.0,0.0,0.0,True,19.478199909349353,False,,,True,28.825497140374182
Fire,scenario_1_c,3,2,24000,1.0,0.0,0.0,True,27.023170383007603,True,25.26470905947353,rain,True,18.729802577543115
Fire,scenario_1_c,4,1,24000,1.0,0.0,0.0,True,19.478199909349353,False,,,True,28.825497140374182
Fire,scenario_1_c,5,2,24000,1.0,0.0,0.0,True,27.023170383007603,True,25.26470905947353,rain,True,18.729802577543115
Fire,scenario_1_c,6,1,24000,1.0,0.0,0.0,True,19.478199909349353,False,,,True,28.825497140374182
Fire,scenario_1_c,7,2,24000,1.0,0.0,0.0,True,27.023170383007603,True,25.26470905947353,rain,True,18.729802577543115
Fire,scenario_1_c,8,1,24000,1.0,0.0,0.0,True,19.478199909349353,False,,,True,28.825497140374182
Fire,scenario_1_c,9,2,24000,1.0,0.0,0.0,True,27.023170383007603,True,25.26470905947353,rain,True,18.729802577543115
Fire,scenario_1_c,10,1,24000,1.0,0.0,0.0,True,19.478199909349353,False,,,True,28.825497140374182
Fire,scenario_1_c,11,2,24000,1.0,0.0,0.0,True,27.023170383007603,True,25.26470905947353,rain,True,18.729802577543115
Fire,scenario_1_c,12,1,24000,1.0,0.0,0.0,True,19.478199909349353,False,,,True,28.825497140374182
Fire,scenario_2_a,0,1,24000,0.9119891477250806,0.0,0.0,True,26.348399145636233,False,,,True,23.586529203153255
Fire,scenario_2_a,1,2,24000,1.0,-1.7512253098223591,0.0,True,16.171090383376278,False,,,True,23.38452676522862
Fire,scenario_2_a,2,1,24000,0.9119891477250806,0.0,0.0,True,26.348399145636233,False,,,True,23.586529203153255
Fire,scenario_2_a,3,2,24000,1.0,-1.7512253098223591,0.0,True,16.171090383376278,False,,,True,23.38452676522862
Fire,scenario_2_a,4,1,24000,0.9119891477250806,0.0,0.0,True,26.348399145636233,False,,,True,23.586529203153255
Fire,scenario_2_a,5,2,24000,1.0,-1.7512253098223591,0.0,True,16.171090383376278,False,,,True,23.38452676522862
Fire,scenario_2_a,6,1,24000,0.9119891477250806,0.0,0.0,True,26.348399145636233,False,,,True,23.586529203153255
Fire,scenario_2_a,7,2,24000,1.0,-1.7512253098223591,0.0,True,16.171090383376278,False,,,True,23.38452676522862
Fire,scenario_2_a,8,1,24000,0.9119891477250806,0.0,0.0,True,26.348399145636233,False,,,True,23.586529203153255
Fire,scenario_2_a,9,2,24000,1.0,-1.7512253098223591,0.0,True,16.171090383376278,False,,,True,23.38452676522862
Fire,scenario_2_a,10,1,24000,0.9119891477250806,0.0,0.0,True,26.348399145636233,False,,,True,23.586529203153255
Fire,scenario_2_a,11,2,24000,1.0,-1.7512253098223591,0.0,True,16.171090383376278,False,,,True,23.38452676522862
Fire,scenario_2_a,12,1,24000,0.9119891477250806,0.0,0.0,True,26.348399145636233,False,,,True,23.586529203153255
Fire,scenario_2_b,0,1,24000,1.0,0.0,0.0,False,,False,,,True,19.168995460688116
Fire,scenario_2_b,1,2,24000,0.994715305027901,0.0,0.0,False,,False,,,True,16.093662542374744
Fire,scenario_2_b,2,1,24000,1.0,0.0,0.0,False,,False,,,True,19.168995460688116
Fire,scenario_2_b,3,2,24000,0.994715305027901,0.0,0.0,False,,False,,,True,16.093662542374744
Fire,scenario_2_b,4,1,24000,1.0,0.0,0.0,False,,False,,,True,19.168995460688116
Fire,scenario_2_b,5,2,24000,0.994715305027901,0.0,0.0,False,,False,,,True,16.093662542374744
Fire,scenario_2_b,6,1,24000,1.0,0.0,0.0,False,,False,,,True,19.168995460688116
Fire,scenario_2_b,7,2,24000,0.994715305027901,0.0,0.0,False,,False,,,True,16.093662542374744
Fire,scenario_2_b,8,1,24000,1.0,0.0,0.0,False,,False,,,True,19.168995460688116
Fire,scenario_2_b,9,2,24000,0.994715305027901,0.0,0.0,False,,False,,,True,16.093662542374744
Fire,scenario_2_b,10,1,24000,1.0,0.0,0.0,False,,False,,,True,19.168995460688116
Fire,scenario_2_b,11,2,24000,0.994715305027901,0.0,0.0,False,,False,,,True,16.093662542374744
Fire,scenario_2_b,12,1,24000,1.0,0.0,0.0,False,,False,,,True,19.168995460688116
Fire,scenario_2_c,0,1,24000,1.0,0.0,0.0,True,29.70258173137738,True,15.955638721714605,rain,True,22.121664819341714
Fire,scenario_2_c,1,2,24000,1.0,0.0,0.9101935312686487,False,,True,19.646357644222753,engine,False,
Fire,scenario_2_c,2,1,24000,1.0,0.0,0.0,True,29.70258173137738,True,15.955638721714605,rain,True,22.121664819341714
Fire,scenario_2_c,3,2,24000,1.0,0.0,0.9101935312686487,False,,True,19.646357644222753,engine,False,
Fire,scenario_2_c,4,1,24000,1.0,0.0,0.0,True,29.70258173137738,True,15.955638721714605,rain,True,22.121664819341714
Fire,scenario_2_c,5,2,24000,1.0,0.0,0.9101935312686487,False,,True,19.646357644222753,engine,False,
Fire,scenario_2_c,6,1,24000,1.0,0.0,0.0,True,29.70258173137738,True,15.955638721714605,rain,True,22.121664819341714
Fire,scenario_2_c,7,2,24000,1.0,0.0,0.9101935312686487,False,,True,19.646357644222753,engine,False,
Fire,scenario_2_c,8,1,24000,1.0,0.0,0.0,True,29.70258173137738,True,15.955638721714605,rain,True,22.121664819341714
Fire,scenario_2_c,9,2,24000,1.0,0.0,0.9101935312686487,False,,True,19.646357644222753,engine,False,
Fire,scenario_2_c,10,1,24000,1.0,0.0,0.0,True,29.70258173137738,True,15.955638721714605,rain,True,22.121664819341714
Fire,scenario_2_c,11,2,24000,1.0,0.0,0.9101935312686487,False,,True,19.646357644222753,engine,False,
Fire,scenario_2_c,12,1,24000,1.0,0.0,0.0,True,29.70258173137738,True,15.955638721714605,rain,True,22.121664819341714
Fire,scenario_3_a,0,1,24000,1.0,1.4466205090492905,0.0,True,28.885366069058346,False,,,False,
Fire,scenario_3_a,1,2,24000,1.0,0.0,0.0,True,25.46207133669506,False,,,True,21.83206155273302
Fire,scenario_3_a,2,1,24000,1.0,1.4466205090492905,0.0,True,28.885366069058346,False,,,False,
Fire,scenario_3_a,3,2,24000,1.0,0.0,0.0,True,25.46207133669506,False,,,True,21.83206155273302
Fire,scenario_3_a,4,1,24000,1.0,1.4466205090492905,0.0,True,28.885366069058346,False,,,False,
Fire,scenario_3_a,5,2,24000,1.0,0.0,0.0,True,25.46207133669506,False,,,True,21.83206155273302
Fire,scenario_3_a,6,1,24000,1.0,1.4466205090492905,0.0,True,28.885366069058346,False,,,False,
Fire,scenario_3_a,7,2,24000,1.0,0.0,0.0,True,25.46207133669506,False,,,True,21.83206155273302
Fire,scenario_3_a,8,1,24000,1.0,1.4466205090492905,0.0,True,28.885366069058346,False,,,False,
Fire,scenario_3_a,9,2,24000,1.0,0.0,0.0,True,25.46207133669506,False,,,True,21.83206155273302
Fire,scenario_3_a,10,1,24000,1.0,1.4466205090492905,0.0,True,28.885366069058346,False,,,False,
Fire,scenario_3_b,0,1,24000,0.9790624767678805,0.0,0.0,True,19.452353287922215,True,21.836767958189398,rain,True,17.18806047891005
Fire,scenario_3_b,1,2,24000,1.0,0.0,0.0,True,23.219143643113103,True,22.101324274053532,thunderstorm,True,20.870440720513063
Fire,scenario_3_b,2,1,24000,0.9790624767678805,0.0,0.0,True,19.452353287922215,True,21.836767958189398,rain,True,17.18806047891005
Fire,scenario_3_b,3,2,24000,1.0,0.0,0.0,True,23.219143643113103,True,22.101324274053532,thunderstorm,True,20.870440720513063
Fire,scenario_3_b,4,1,24000,0.9790624767678805,0.0,0.0,True,19.452353287922215,True,21.836767958189398,rain,True,17.18806047891005
Fire,scenario_3_b,5,2,24000,1.0,0.0,0.0,True,23.219143643113103,True,22.101324274053532,thunderstorm,True,20.870440720513063
Fire,scenario_3_b,6,1,24000,0.9790624767678805,0.0,0.0,True,19.452353287922215,True,21.836767958189398,rain,True,17.18806047891005
Fire,scenario_3_b,7,2,24000,1.0,0.0,0.0,True,23.219143643113103,True,22.101324274053532,thunderstorm,True,20.870440720513063
Fire,scenario_3_b,8,1,24000,0.9790624767678805,0.0,0.0,True,19.452353287922215,True,21.836767958189398,rain,True,17.18806047891005
Fire,scenario_3_b,9,2,24000,1.0,0.0,0.0,True,23.219143643113103,True,22.101324274053532,thunderstorm,True,20.870440720513063
Fire,scenario_3_b,10,1,24000,0.9790624767678805,0.0,0.0,True,19.452353287922215,True,21.836767958189398,rain,True,17.18806047891005
Fire,scenario_3_c,0,1,24000,1.0,0.0,0.0,True,21.359754354920206,False,,,True,22.19483921279816
Fire,scenario_3_c,1,2,24000,1.0,0.0,0.0,True,17.557259467238598,False,,,True,25.18594759513794
Fire,scenario_3_c,2,1,24000,1.0,0.0,0.0,True,21.359754354920206,False,,,True,22.19483921279816
Fire,scenario_3_c,3,2,24000,1.0,0.0,0.0,True,17.557259467238598,False,,,True,25.18594759513794
Fire,scenario_3_c,4,1,24000,1.0,0.0,0.0,True,21.359754354920206,False,,,True,22.19483921279816
Fire,scenario_3_c,5,2,24000,1.0,0.0,0.0,True,17.557259467238598,False,,,True,25.18594759513794
Fire,scenario_3_c,6,1,24000,1.0,0.0,0.0,True,21.359754354920206,False,,,True,22.19483921279816
Fire,scenario_3_c,7,2,24000,1.0,0.0,0.0,True,17.557259467238598,False,,,True,25.18594759513794
Fire,scenario_3_c,8,1,24000,1.0,0.0,0.0,True,21.359754354920206,False,,,True,22.19483921279816
Fire,scenario_3_c,9,2,24000,1.0,0.0,0.0,True,17.557259467238598,False,,,True,25.18594759513794
Fire,scenario_3_c,10,1,24000,1.0,0.0,0.0,True,21.359754354920206,False,,,True,22.19483921279816
Fire,scenario_4_a,0,1,24000,1.0,0.0,0.41092343455532765,True,17.0041740024473,False,,,True,29.778919263623294
Fire,scenario_4_a,1,2,24000,1.0,0.0,-0.6369729122610375,True,17.641658282525082,False,,,False,
Fire,scenario_4_a,2,1,24000,1.0,0.0,0.41092343455532765,True,17.0041740024473,False,,,True,29.778919263623294
Fire,scenario_4_a,3,2,24000,1.0,0.0,-0.6369729122610375,True,17.641658282525082,False,,,False,
Fire,scenario_4_a,4,1,24000,1.0,0.0,0.41092343455532765,True,17.0041740024473,False,,,True,29.778919263623294
Fire,scenario_4_a,5,2,24000,1.0,0.0,-0.6369729122610375,True,17.641658282525082,False,,,False,
Fire,scenario_4_a,6,1,24000,1.0,0.0,0.41092343455532765,True,17.0041740024473,False,,,True,29.778919263623294
Fire,scenario_4_a,7,2,24000,1.0,0.0,-0.6369729122610375,True,17.641658282525082,False,,,False,
Fire,scenario_4_a,8,1,24000,1.0,0.0,0.41092343455532765,True,17.0041740024473,False,,,True,29.778919263623294
Fire,scenario_4_b,0,1,24000,1.0,0.0,0.0,False,,False,,,True,17.338310039788574
Fire,scenario_4_b,1,2,24000,0.9367387545444145,0.0,0.0,False,,False,,,True,19.69784490608051
Fire,scenario_4_b,2,1,24000,1.0,0.0,0.0,False,,False,,,True,17.338310039788574
Fire,scenario_4_b,3,2,24000,0.9367387545444145,0.0,0.0,False,,False,,,True,19.69784490608051
Fire,scenario_4_b,4,1,24000,1.0,0.0,0.0,False,,False,,,True,17.338310039788574
Fire,scenario_4_b,5,2,24000,0.9367387545444145,0.0,0.0,False,,False,,,True,19.69784490608051
Fire,scenario_4_b,6,1,24000,1.0,0.0,0.0,False,,False,,,True,17.338310039788574
Fire,scenario_4_b,7,2,24000,0.9367387545444145,0.0,0.0,False,,False,,,True,19.69784490608051
Fire,scenario_4_b,8,1,24000,1.0,0.0,0.0,False,,False,,,True,17.338310039788574
Fire,scenario_4_c,0,1,24000,1.0,-0.602894963564228,0.0,True,26.757860872226487,False,,,True,28.688967268120656
Fire,scenario_4_c,1,2,24000,1.0,0.0,0.0,True,16.461690817380617,True,21.302641633500837,engine,True,17.491515420482685
Fire,scenario_4_c,2,1,24000,1.0,-0.602894963564228,0.0,True,26.757860872226487,False,,,True,28.688967268120656
Fire,scenario_4_c,3,2,24000,1.0,0.0,0.0,True,16.461690817380617,True,21.302641633500837,engine,True,17.491515420482685
Fire,scenario_4_c,4,1,24000,1.0,-0.602894963564228,0.0,True,26.757860872226487,False,,,True,28.688967268120656
Fire,scenario_4_c,5,2,24000,1.0,0.0,0.0,True,16.461690817380617,True,21.302641633500837,engine,True,17.491515420482685
Fire,scenario_4_c,6,1,24000,1.0,-0.602894963564228,0.0,True,26.757860872226487,False,,,True,28.688967268120656
Fire,scenario_4_c,7,2,24000,1.0,0.0,0.0,True,16.461690817380617,True,21.302641633500837,engine,True,17.491515420482685
Fire,scenario_4_c,8,1,24000,1.0,-0.602894963564228,0.0,True,26.757860872226487,False,,,True,28.688967268120656
Fire,scenario_5_a,0,1,24000,1.0,0.0,0.0,True,28.30972336799608,True,16.543419016560343,rain,False,
Fire,scenario_5_a,1,2,24000,1.0,0.0,0.0,True,16.719749291975525,False,,,True,17.78872337465113
Fire,scenario_5_a,2,1,24000,1.0,0.0,0.0,True,28.30972336799608,True,16.543419016560343,rain,False,
Fire,scenario_5_a,3,2,24000,1.0,0.0,0.0,True,16.719749291975525,False,,,True,17.78872337465113
Fire,scenario_5_a,4,1,24000,1.0,0.0,0.0,True,28.30972336799608,True,16.543419016560343,rain,False,
Fire,scenario_5_a,5,2,24000,1.0,0.0,0.0,True,16.719749291975525,False,,,True,17.78872337465113
Fire,scenario_5_a,6,1,24000,1.0,0.0,0.0,True,28.30972336799608,True,16.543419016560343,rain,False,
Fire,scenario_5_b,0,1,24000,1.0,0.0,0.0,True,17.309983877220038,False,,,False,
Fire,scenario_5_b,1,2,24000,0.9057172499243027,0.0,0.0,True,23.254563966847968,True,17.259300693526267,wind,True,22.618902362928484
Fire,scenario_5_b,2,1,24000,1.0,0.0,0.0,True,17.309983877220038,False,,,False,
Fire,scenario_5_b,3,2,24000,0.9057172499243027,0.0,0.0,True,23.254563966847968,True,17.259300693526267,wind,True,22.618902362928484
Fire,scenario_5_b,4,1,24000,1.0,0.0,0.0,True,17.309983877220038,False,,,False,
Fire,scenario_5_b,5,2,24000,0.9057172499243027,0.0,0.0,True,23.254563966847968,True,17.259300693526267,wind,True,22.618902362928484
Fire,scenario_5_b,6,1,24000,1.0,0.0,0.0,True,17.309983877220038,False,,,False,
Fire,scenario_5_c,0,1,24000,0.9566034597537973,0.0,-0.38835699848696237,True,27.51165077097435,True,20.253273533141847,engine,True,27.88515815533622
Fire,scenario_5_c,1,2,24000,1.0,0.0,0.0,True,18.750306681061993,True,19.51593398731158,engine,True,23.49997635116264
Fire,scenario_5_c,2,1,24000,0.9566034597537973,0.0,-0.38835699848696237,True,27.51165077097435,True,20.253273533141847,engine,True,27.88515815533622
Fire,scenario_5_c,3,2,24000,1.0,0.0,0.0,True,18.750306681061993,True,19.51593398731158,engine,True,23.49997635116264
Fire,scenario_5_c,4,1,24000,0.9566034597537973,0.0,-0.38835699848696237,True,27.51165077097435,True,20.253273533141847,engine,True,27.88515815533622
Fire,scenario_5_c,5,2,24000,1.0,0.0,0.0,True,18.750306681061993,True,19.51593398731158,engine,True,23.49997635116264
Fire,scenario_5_c,6,1,24000,0.9566034597537973,0.0,-0.38835699848696237,True,27.51165077097435,True,20.253273533141847,engine,True,27.88515815533622
Fire,scenario_6_a,0,1,24000,1.0,0.0,0.0,True,23.832781496106975,False,,,True,27.448294021610973
Fire,scenario_6_a,1,2,24000,1.0,0.0,0.0,False,,False,,,True,18.787424134958872
Fire,scenario_6_a,2,1,24000,1.0,0.0,0.0,True,23.832781496106975,False,,,True,27.448294021610973
Fire,scenario_6_a,3,2,24000,1.0,0.0,0.0,False,,False,,,True,18.787424134958872
Fire,scenario_6_a,4,1,24000,1.0,0.0,0.0,True,23.832781496106975,False,,,True,27.448294021610973
Fire,scenario_6_b,0,1,24000,1.0,0.0,0.0,True,20.806871849933437,True,21.445779729784032,rain,True,17.0665564517211
Fire,scenario_6_b,1,2,24000,1.0,-0.8303491136516263,0.0,True,24.84885425233884,True,18.087914417862436,thunderstorm,True,27.20137253667693
Fire,scenario_6_b,2,1,24000,1.0,0.0,0.0,True,20.806871849933437,True,21.445779729784032,rain,True,17.0665564517211
Fire,scenario_6_b,3,2,24000,1.0,-0.8303491136516263,0.0,True,24.84885425233884,True,18.087914417862436,thunderstorm,True,27.20137253667693
Fire,scenario_6_b,4,1,24000,1.0,0.0,0.0,True,20.806871849933437,True,21.445779729784032,rain,True,17.0665564517211
Fire,scenario_6_c,0,1,24000,0.9359607819587096,0.0,0.0,False,,True,17.61742977204566,thunderstorm,False,
Fire,scenario_6_c,1,2,24000,1.0,-0.2247492637281847,0.0,True,23.555488404411005,False,,,True,16.070897613676678
Fire,scenario_6_c,2,1,24000,0.9359607819587096,0.0,0.0,False,,True,17.61742977204566,thunderstorm,False,
Fire,scenario_6_c,3,2,24000,1.0,-0.2247492637281847,0.0,True,23.555488404411005,False,,,True,16.070897613676678
Fire,scenario_6_c,4,1,24000,0.9359607819587096,0.0,0.0,False,,True,17.61742977204566,thunderstorm,False,
Fire,scenario_7_a,0,1,24000,1.0,1.477835179390778,0.0,True,29.849002257698928,True,28.779345049125787,wind,False,
Fire,scenario_7_a,1,2,24000,1.0,0.0,0.0,False,,False,,,True,25.85561198360723
Fire,scenario_7_a,2,1,24000,1.0,1.477835179390778,0.0,True,29.849002257698928,True,28.779345049125787,wind,False,
Fire,scenario_7_a,3,2,24000,1.0,0.0,0.0,False,,False,,,True,25.85561198360723
Fire,scenario_7_a,4,1,24000,1.0,1.477835179390778,0.0,True,29.849002257698928,True,28.779345049125787,wind,False,
Fire,scenario_7_a,5,2,24000,1.0,0.0,0.0,False,,False,,,True,25.85561198360723
Fire,scenario_7_a,6,1,24000,1.0,1.477835179390778,0.0,True,29.849002257698928,True,28.779345049125787,wind,False,
Fire,scenario_7_b,0,1,24000,1.0925837902440059,0.0,0.0,True,19.88095569395232,False,,,True,21.971038984840607
Fire,scenario_7_b,1,2,24000,1.0,0.0,0.0,True,18.31965069165517,False,,,True,26.693280036593208
Fire,scenario_7_b,2,1,24000,1.0925837902440059,0.0,0.0,True,19.88095569395232,False,,,True,21.971038984840607
Fire,scenario_7_b,3,2,24000,1.0,0.0,0.0,True,18.31965069165517,False,,,True,26.693280036593208
Fire,scenario_7_b,4,1,24000,1.0925837902440059,0.0,0.0,True,19.88095569395232,False,,,True,21.971038984840607
Fire,scenario_7_b,5,2,24000,1.0,0.0,0.0,True,18.31965069165517,False,,,True,26.693280036593208
Fire,scenario_7_b,6,1,24000,1.0925837902440059,0.0,0.0,True,19.88095569395232,False,,,True,21.971038984840607
Fire,scenario_7_c,0,1,24000,1.0,0.0,0.0,True,25.726221445509196,True,21.244544146123427,thunderstorm,True,16.005720197406816
Fire,scenario_7_c,1,2,24000,0.9304843606099132,0.0,0.0,True,16.90056131745329,False,,,True,20.74419774079623
Fire,scenario_7_c,2,1,24000,1.0,0.0,0.0,True,25.726221445509196,True,21.244544146123427,thunderstorm,True,16.005720197406816
Fire,scenario_7_c,3,2,24000,0.9304843606099132,0.0,0.0,True,16.90056131745329,False,,,True,20.74419774079623
Fire,scenario_7_c,4,1,24000,1.0,0.0,0.0,True,25.726221445509196,True,21.244544146123427,thunderstorm,True,16.005720197406816
Fire,scenario_7_c,5,2,24000,0.9304843606099132,0.0,0.0,True,16.90056131745329,False,,,True,20.74419774079623
Fire,scenario_7_c,6,1,24000,1.0,0.0,0.0,True,25.726221445509196,True,21.244544146123427,thunderstorm,True,16.005720197406816
Fire,scenario_8_a,0,1,24000,1.0,-0.5018817645207316,0.4485535315161544,True,25.213358921071595,False,,,False,
Fire,scenario_8_a,1,2,24000,1.0,1.3388967688448123,0.0,True,29.906334545707793,True,27.16362483971019,thunderstorm,False,
Fire,scenario_8_a,2,1,24000,1.0,-0.5018817645207316,0.4485535315161544,True,25.213358921071595,False,,,False,
Fire,scenario_8_a,3,2,24000,1.0,1.3388967688448123,0.0,True,29.906334545707793,True,27.16362483971019,thunderstorm,False,
Fire,scenario_8_a,4,1,24000,1.0,-0.5018817645207316,0.4485535315161544,True,25.213358921071595,False,,,False,
Fire,scenario_8_a,5,2,24000,1.0,1.3388967688448123,0.0,True,29.906334545707793,True,27.16362483971019,thunderstorm,False,
Fire,scenario_8_a,6,1,24000,1.0,-0.5018817645207316,0.4485535315161544,True,25.213358921071595,False,,,False,
Fire,scenario_8_b,0,1,24000,0.9375941098395704,-0.25839748701899223,0.0,True,17.261213543075783,True,27.319125214291965,rain,True,29.377691181937276
Fire,scenario_8_b,1,2,24000,1.0,0.0,0.0,False,,False,,,True,17.682593462698293
Fire,scenario_8_b,2,1,24000,0.9375941098395704,-0.25839748701899223,0.0,True,17.261213543075783,True,27.319125214291965,rain,True,29.377691181937276
Fire,scenario_8_b,3,2,24000,1.0,0.0,0.0,False,,False,,,True,17.682593462698293
Fire,scenario_8_b,4,1,24000,0.9375941098395704,-0.25839748701899223,0.0,True,17.261213543075783,True,27.319125214291965,rain,True,29.377691181937276
Fire,scenario_8_b,5,2,24000,1.0,0.0,0.0,False,,False,,,True,17.682593462698293
Fire,scenario_8_b,6,1,24000,0.9375941098395704,-0.25839748701899223,0.0,True,17.261213543075783,True,27.319125214291965,rain,True,29.377691181937276
Fire,scenario_8_c,0,1,24000,1.0,-0.4170012110976762,-0.7787344668694585,True,17.3867627717787,False,,,True,21.01674764045369
Fire,scenario_8_c,1,2,24000,1.0,0.0,0.0,True,16.474846309053163,False,,,True,21.274043665486627
Fire,scenario_8_c,2,1,24000,1.0,-0.4170012110976762,-0.7787344668694585,True,17.3867627717787,False,,,True,21.01674764045369
Fire,scenario_8_c,3,2,24000,1.0,0.0,0.0,True,16.474846309053163,False,,,True,21.274043665486627
Fire,scenario_8_c,4,1,24000,1.0,-0.4170012110976762,-0.7787344668694585,True,17.3867627717787,False,,,True,21.01674764045369
Fire,scenario_8_c,5,2,24000,1.0,0.0,0.0,True,16.474846309053163,False,,,True,21.274043665486627
Fire,scenario_8_c,6,1,24000,1.0,-0.4170012110976762,-0.7787344668694585,True,17.3867627717787,False,,,True,21.01674764045369
Fire,scenario_9_a,0,1,24000,1.0,0.0,0.0,True,20.13550492653532,True,17.251327813973525,wind,True,25.931427306228233
Fire,scenario_9_a,1,2,24000,0.9512144145328847,0.0,0.0,True,18.42509895819844,False,,,True,29.690662355252098
Fire,scenario_9_a,2,1,24000,1.0,0.0,0.0,True,20.13550492653532,True,17.251327813973525,wind,True,25.931427306228233
Fire,scenario_9_a,3,2,24000,0.9512144145328847,0.0,0.0,True,18.42509895819844,False,,,True,29.690662355252098
Fire,scenario_9_a,4,1,24000,1.0,0.0,0.0,True,20.13550492653532,True,17.251327813973525,wind,True,25.931427306228233
Fire,scenario_9_a,5,2,24000,0.9512144145328847,0.0,0.0,True,18.42509895819844,False,,,True,29.690662355252098
Fire,scenario_9_a,6,1,24000,1.0,0.0,0.0,True,20.13550492653532,True,17.251327813973525,wind,True,25.931427306228233
Fire,scenario_9_b,0,1,24000,1.0,0.0,0.0,True,23.79171547014478,True,24.594429993185244,rain,True,20.541732434718796
Fire,scenario_9_b,1,2,24000,1.0,0.0,0.0,True,18.415234214902338,True,25.16503203341052,engine,True,18.830366649137833
Fire,scenario_9_b,2,1,24000,1.0,0.0,0.0,True,23.79171547014478,True,24.594429993185244,rain,True,20.541732434718796
Fire,scenario_9_b,3,2,24000,1.0,0.0,0.0,True,18.415234214902338,True,25.16503203341052,engine,True,18.830366649137833
Fire,scenario_9_b,4,1,24000,1.0,0.0,0.0,True,23.79171547014478,True,24.594429993185244,rain,True,20.541732434718796
Fire,scenario_9_b,5,2,24000,1.0,0.0,0.0,True,18.415234214902338,True,25.16503203341052,engine,True,18.830366649137833
Fire,scenario_9_b,6,1,24000,1.0,0.0,0.0,True,23.79171547014478,True,24.594429993185244,rain,True,20.541732434718796
Fire,scenario_9_c,0,1,24000,1.0,0.9593968588397557,0.0,True,17.36224041349133,True,29.479502828946018,rain,True,27.1547951178999
Fire,scenario_9_c,1,2,24000,1.097638301650175,-0.09724252031942271,0.0,False,,False,,,True,24.04906643287373
Fire,scenario_9_c,2,1,24000,1.0,0.9593968588397557,0.0,True,17.36224041349133,True,29.479502828946018,rain,True,27.1547951178999
Fire,scenario_9_c,3,2,24000,1.097638301650175,-0.09724252031942271,0.0,False,,False,,,True,24.04906643287373
Fire,scenario_9_c,4,1,24000,1.0,0.9593968588397557,0.0,True,17.36224041349133,True,29.479502828946018,rain,True,27.1547951178999
Fire,scenario_9_c,5,2,24000,1.097638301650175,-0.09724252031942271,0.0,False,,False,,,True,24.04906643287373
Fire,scenario_9_c,6,1,24000,1.0,0.9593968588397557,0.0,True,17.36224041349133,True,29.479502828946018,rain,True,27.1547951178999
Flooding,scenario_10_a,0,1,24000,1.0,-0.3584978836684445,0.6448825025596163,False,,False,,,False,
Flooding,scenario_10_a,1,2,24000,1.0,0.0,0.0,True,24.15053547781342,True,28.65759246647434,sea_waves,True,19.08154181571542
Flooding,scenario_10_a,2,1,24000,1.0,-0.3584978836684445,0.6448825025596163,False,,False,,,False,
Flooding,scenario_10_a,3,2,24000,1.0,0.0,0.0,True,24.15053547781342,True,28.65759246647434,sea_waves,True,19.08154181571542
Flooding,scenario_10_a,4,1,24000,1.0,-0.3584978836684445,0.6448825025596163,False,,False,,,False,
Flooding,scenario_10_a,5,2,24000,1.0,0.0,0.0,True,24.15053547781342,True,28.65759246647434,sea_waves,True,19.08154181571542
Flooding,scenario_10_a,6,1,24000,1.0,-0.3584978836684445,0.6448825025596163,False,,False,,,False,
Flooding,scenario_10_b,0,1,24000,1.0,0.0,-0.319672099756781,True,28.818874886472543,True,27.218596288166694,wind,False,
Flooding,scenario_10_b,1,2,24000,0.9041547907256057,0.0,0.0,True,29.97558894396786,True,27.718571631450732,engine,True,24.408826631544926
Flooding,scenario_10_b,2,1,24000,1.0,0.0,-0.319672099756781,True,28.818874886472543,True,27.218596288166694,wind,False,
Flooding,scenario_10_b,3,2,24000,0.9041547907256057,0.0,0.0,True,29.97558894396786,True,27.718571631450732,engine,True,24.408826631544926
Flooding,scenario_10_b,4,1,24000,1.0,0.0,-0.319672099756781,True,28.818874886472543,True,27.218596288166694,wind,False,
Flooding,scenario_10_b,5,2,24000,0.9041547907256057,0.0,0.0,True,29.97558894396786,True,27.718571631450732,engine,True,24.408826631544926
Flooding,scenario_10_b,6,1,24000,1.0,0.0,-0.319672099756781,True,28.818874886472543,True,27.218596288166694,wind,False,
Flooding,scenario_10_c,0,1,24000,1.0,-1.4046009834301034,0.0,True,29.029395677624997,False,,,False,
Flooding,scenario_10_c,1,2,24000,1.0,0.0,0.0,True,29.16016650755498,False,,,True,18.693332563976963
Flooding,scenario_10_c,2,1,24000,1.0,-1.4046009834301034,0.0,True,29.029395677624997,False,,,False,
Flooding,scenario_10_c,3,2,24000,1.0,0.0,0.0,True,29.16016650755498,False,,,True,18.693332563976963
Flooding,scenario_10_c,4,1,24000,1.0,-1.4046009834301034,0.0,True,29.029395677624997,False,,,False,
Flooding,scenario_10_c,5,2,24000,1.0,0.0,0.0,True,29.16016650755498,False,,,True,18.693332563976963
Flooding,scenario_10_c,6,1,24000,1.0,-1.4046009834301034,0.0,True,29.029395677624997,False,,,False,
Flooding,scenario_1_a,0,1,24000,1.0,0.46128330740040235,0.0,True,26.53689846855237,False,,,True,29.61761402215467
Flooding,scenario_1_a,1,2,24000,1.0,0.188493429546849,0.0,True,21.148862524112385,False,,,True,17.548728628912496
Flooding,scenario_1_a,2,1,24000,1.0,0.46128330740040235,0.0,True,26.53689846855237,False,,,True,29.61761402215467
Flooding,scenario_1_a,3,2,24000,1.0,0.188493429546849,0.0,True,21.148862524112385,False,,,True,17.548728628912496
Flooding,scenario_1_a,4,1,24000,1.0,0.46128330740040235,0.0,True,26.53689846855237,False,,,True,29.61761402215467
Flooding,scenario_1_a,5,2,24000,1.0,0.188493429546849,0.0,True,21.148862524112385,False,,,True,17.548728628912496
Flooding,scenario_1_a,6,1,24000,1.0,0.46128330740040235,0.0,True,26.53689846855237,False,,,True,29.61761402215467
Flooding,scenario_1_a,7,2,24000,1.0,0.188493429546849,0.0,True,21.148862524112385,False,,,True,17.548728628912496
Flooding,scenario_1_a,8,1,24000,1.0,0.46128330740040235,0.0,True,26.53689846855237,False,,,True,29.61761402215467
Flooding,scenario_1_b,0,1,24000,1.0,0.6876156708682681,0.0,True,22.688763237032294,False,,,True,25.60920778760262
Flooding,scenario_1_b,1,2,24000,1.0,0.0,0.0,False,,True,24.3918956777801,sea_waves,False,
Flooding,scenario_1_b,2,1,24000,1.0,0.6876156708682681,0.0,True,22.688763237032294,False,,,True,25.60920778760262
Flooding,scenario_1_b,3,2,24000,1.0,0.0,0.0,False,,True,24.3918956777801,sea_waves,False,
Flooding,scenario_1_b,4,1,24000,1.0,0.6876156708682681,0.0,True,22.688763237032294,False,,,True,25.60920778760262
Flooding,scenario_1_b,5,2,24000,1.0,0.0,0.0,False,,True,24.3918956777801,sea_waves,False,
Flooding,scenario_1_b,6,1,24000,1.0,0.6876156708682681,0.0,True,22.688763237032294,False,,,True,25.60920778760262
Flooding,scenario_1_b,7,2,24000,1.0,0.0,0.0,False,,True,24.3918956777801,sea_waves,False,
Flooding,scenario_1_b,8,1,24000,1.0,0.6876156708682681,0.0,True,22.688763237032294,False,,,True,25.60920778760262
Flooding,scenario_1_c,0,1,24000,1.0,-0.7133802747336726,0.0,True,28.363658593648402,False,,,True,21.74227387341594
Flooding,scenario_1_c,1,2,24000,1.0,0.9336796719003599,0.0,True,22.561938719725934,True,21.344869885665858,rain,False,
Flooding,scenario_1_c,2,1,24000,1.0,-0.7133802747336726,0.0,True,28.363658593648402,False,,,True,21.74227387341594
Flooding,scenario_1_c,3,2,24000,1.0,0.9336796719003599,0.0,True,22.561938719725934,True,21.344869885665858,rain,False,
Flooding,scenario_1_c,4,1,24000,1.0,-0.7133802747336726,0.0,True,28.363658593648402,False,,,True,21.74227387341594
Flooding,scenario_1_c,5,2,24000,1.0,0.9336796719003599,0.0,True,22.561938719725934,True,21.344869885665858,rain,False,
Flooding,scenario_1_c,6,1,24000,1.0,-0.7133802747336726,0.0,True,28.363658593648402,False,,,True,21.74227387341594
Flooding,scenario_1_c,7,2,24000,1.0,0.9336796719003599,0.0,True,22.561938719725934,True,21.344869885665858,rain,False,
Flooding,scenario_1_c,8,1,24000,1.0,-0.7133802747336726,0.0,True,28.363658593648402,False,,,True,21.74227387341594
Flooding,scenario_2_a,0,1,24000,1.0,0.0,0.0,True,26.163908014344983,False,,,True,28.965645983671006
Flooding,scenario_2_a,1,2,24000,1.0,0.0,-0.46543112360815897,True,28.079873530723503,True,27.155308909931993,sea_waves,False,
Flooding,scenario_2_a,2,1,24000,1.0,0.0,0.0,True,26.163908014344983,False,,,True,28.965645983671006
Flooding,scenario_2_a,3,2,24000,1.0,0.0,-0.46543112360815897,True,28.079873530723503,True,27.155308909931993,sea_waves,False,
Flooding,scenario_2_a,4,1,24000,1.0,0.0,0.0,True,26.163908014344983,False,,,True,28.965645983671006
Flooding,scenario_2_a,5,2,24000,1.0,0.0,-0.46543112360815897,True,28.079873530723503,True,27.155308909931993,sea_waves,False,
Flooding,scenario_2_a,6,1,24000,1.0,0.0,0.0,True,26.163908014344983,False,,,True,28.965645983671006
Flooding,scenario_2_b,0,1,24000,1.0,1.9360009869718402,-0.38037284385225534,False,,False,,,True,21.159106391849416
Flooding,scenario_2_b,1,2,24000,1.0,-1.3808152386973869,0.0,True,18.735639900605285,True,27.10203986471946,wind,False,
Flooding,scenario_2_b,2,1,24000,1.0,1.9360009869718402,-0.38037284385225534,False,,False,,,True,21.159106391849416
Flooding,scenario_2_b,3,2,24000,1.0,-1.3808152386973869,0.0,True,18.735639900605285,True,27.10203986471946,wind,False,
Flooding,scenario_2_b,4,1,24000,1.0,1.9360009869718402,-0.38037284385225534,False,,False,,,True,21.159106391849416
Flooding,scenario_2_b,5,2,24000,1.0,-1.3808152386973869,0.0,True,18.735639900605285,True,27.10203986471946,wind,False,
Flooding,scenario_2_b,6,1,24000,1.0,1.9360009869718402,-0.38037284385225534,False,,False,,,True,21.159106391849416
Flooding,scenario_2_c,0,1,24000,1.0,0.0,0.0,True,28.358255936230726,True,25.32498269844971,engine,True,25.289694893526317
Flooding,scenario_2_c,1,2,24000,1.0,0.0,0.0,False,,True,27.179867766885682,engine,True,22.42583406583524
Flooding,scenario_2_c,2,1,24000,1.0,0.0,0.0,True,28.358255936230726,True,25.32498269844971,engine,True,25.289694893526317
Flooding,scenario_2_c,3,2,24000,1.0,0.0,0.0,False,,True,27.179867766885682,engine,True,22.42583406583524
Flooding,scenario_2_c,4,1,24000,1.0,0.0,0.0,True,28.358255936230726,True,25.32498269844971,engine,True,25.289694893526317
Flooding,scenario_2_c,5,2,24000,1.0,0.0,0.0,False,,True,27.179867766885682,engine,True,22.42583406583524
Flooding,scenario_2_c,6,1,24000,1.0,0.0,0.0,True,28.358255936230726,True,25.32498269844971,engine,True,25.289694893526317
Flooding,scenario_3_a,0,1,24000,1.0,0.0,0.0,True,22.053725452201377,True,18.543678337765687,thunderstorm,False,
Flooding,scenario_3_a,1,2,24000,1.0,0.0,0.0,True,15.725166999071861,True,18.62888349537048,sea_waves,True,20.507862743794675
Flooding,scenario_3_a,2,1,24000,1.0,0.0,0.0,True,22.053725452201377,True,18.543678337765687,thunderstorm,False,
Flooding,scenario_3_a,3,2,24000,1.0,0.0,0.0,True,15.725166999071861,True,18.62888349537048,sea_waves,True,20.507862743794675
Flooding,scenario_3_a,4,1,24000,1.0,0.0,0.0,True,22.053725452201377,True,18.543678337765687,thunderstorm,False,
Flooding,scenario_3_a,5,2,24000,1.0,0.0,0.0,True,15.725166999071861,True,18.62888349537048,sea_waves,True,20.507862743794675
Flooding,scenario_3_a,6,1,24000,1.0,0.0,0.0,True,22.053725452201377,True,18.543678337765687,thunderstorm,False,
Flooding,scenario_3_b,0,1,24000,1.0830268040019233,0.6904471961701582,0.33883427768359,False,,True,29.691872005028618,engine,False,
Flooding,scenario_3_b,1,2,24000,1.0183385689561701,0.0,0.0,False,,False,,,False,
Flooding,scenario_3_b,2,1,24000,1.0830268040019233,0.6904471961701582,0.33883427768359,False,,True,29.691872005028618,engine,False,
Flooding,scenario_3_b,3,2,24000,1.0183385689561701,0.0,0.0,False,,False,,,False,
Flooding,scenario_3_b,4,1,24000,1.0830268040019233,0.6904471961701582,0.33883427768359,False,,True,29.691872005028618,engine,False,
Flooding,scenario_3_b,5,2,24000,1.0183385689561701,0.0,0.0,False,,False,,,False,
Flooding,scenario_3_b,6,1,24000,1.0830268040019233,0.6904471961701582,0.33883427768359,False,,True,29.691872005028618,engine,False,
Flooding,scenario_3_c,0,1,24000,1.0,0.0,0.0,False,,True,24.842724952902955,thunderstorm,True,20.86191417926795
Flooding,scenario_3_c,1,2,24000,1.0,0.0,0.0,True,21.26805291009498,False,,,True,25.670478270534012
Flooding,scenario_3_c,2,1,24000,1.0,0.0,0.0,False,,True,24.842724952902955,thunderstorm,True,20.86191417926795
Flooding,scenario_3_c,3,2,24000,1.0,0.0,0.0,True,21.26805291009498,False,,,True,25.670478270534012
Flooding,scenario_3_c,4,1,24000,1.0,0.0,0.0,False,,True,24.842724952902955,thunderstorm,True,20.86191417926795
Flooding,scenario_3_c,5,2,24000,1.0,0.0,0.0,True,21.26805291009498,False,,,True,25.670478270534012
Flooding,scenario_3_c,6,1,24000,1.0,0.0,0.0,False,,True,24.842724952902955,thunderstorm,True,20.86191417926795
Flooding,scenario_4_a,0,1,24000,1.0,0.0,0.0,True,20.533062055607857,False,,,True,17.821207903741495
Flooding,scenario_4_a,1,2,24000,1.0,0.0,-0.39958976708615346,False,,True,27.235400272113957,wind,False,
Flooding,scenario_4_a,2,1,24000,1.0,0.0,0.0,True,20.533062055607857,False,,,True,17.821207903741495
Flooding,scenario_4_a,3,2,24000,1.0,0.0,-0.39958976708615346,False,,True,27.235400272113957,wind,False,
Flooding,scenario_4_a,4,1,24000,1.0,0.0,0.0,True,20.533062055607857,False,,,True,17.821207903741495
Flooding,scenario_4_a,5,2,24000,1.0,0.0,-0.39958976708615346,False,,True,27.235400272113957,wind,False,
Flooding,scenario_4_a,6,1,24000,1.0,0.0,0.0,True,20.533062055607857,False,,,True,17.821207903741495
Flooding,scenario_4_b,0,1,24000,0.9737513651327961,0.0,0.0,True,21.65117658635077,True,17.188732200128747,thunderstorm,True,17.820010394225015
Flooding,scenario_4_b,1,2,24000,1.0,0.0,0.0,True,29.45262265100273,True,18.308484864025854,thunderstorm,False,
Flooding,scenario_4_b,2,1,24000,0.9737513651327961,0.0,0.0,True,21.65117658635077,True,17.188732200128747,thunderstorm,True,17.820010394225015
Flooding,scenario_4_b,3,2,24000,1.0,0.0,0.0,True,29.45262265100273,True,18.308484864025854,thunderstorm,False,
Flooding,scenario_4_b,4,1,24000,0.9737513651327961,0.0,0.0,True,21.65117658635077,True,17.188732200128747,thunderstorm,True,17.820010394225015
Flooding,scenario_4_b,5,2,24000,1.0,0.0,0.0,True,29.45262265100273,True,18.308484864025854,thunderstorm,False,
Flooding,scenario_4_b,6,1,24000,0.9737513651327961,0.0,0.0,True,21.65117658635077,True,17.188732200128747,thunderstorm,True,17.820010394225015
Flooding,scenario_4_c,0,1,24000,1.0,-1.3850411947055807,-0.5414857462095093,False,,True,25.705834614671467,wind,False,
Flooding,scenario_4_c,1,2,24000,1.0,0.0,0.0,False,,True,16.90168416881907,rain,True,26.055053662538853
Flooding,scenario_4_c,2,1,24000,1.0,-1.3850411947055807,-0.5414857462095093,False,,True,25.705834614671467,wind,False,
Flooding,scenario_4_c,3,2,24000,1.0,0.0,0.0,False,,True,16.90168416881907,rain,True,26.055053662538853
Flooding,scenario_4_c,4,1,24000,1.0,-1.3850411947055807,-0.5414857462095093,False,,True,25.705834614671467,wind,False,
Flooding,scenario_4_c,5,2,24000,1.0,0.0,0.0,False,,True,16.90168416881907,rain,True,26.055053662538853
Flooding,scenario_4_c,6,1,24000,1.0,-1.3850411947055807,-0.5414857462095093,False,,True,25.705834614671467,wind,False,
Flooding,scenario_5_a,0,1,24000,1.0,0.0,0.0,False,,False,,,True,18.92411734449622
Flooding,scenario_5_a,1,2,24000,1.0758892229494448,0.0,0.4444989521090468,False,,True,19.643775518325008,engine,False,
Flooding,scenario_5_a,2,1,24000,1.0,0.0,0.0,False,,False,,,True,18.92411734449622
Flooding,scenario_5_a,3,2,24000,1.0758892229494448,0.0,0.4444989521090468,False,,True,19.643775518325008,engine,False,
Flooding,scenario_5_a,4,1,24000,1.0,0.0,0.0,False,,False,,,True,18.92411734449622
Flooding,scenario_5_a,5,2,24000,1.0758892229494448,0.0,0.4444989521090468,False,,True,19.643775518325008,engine,False,
Flooding,scenario_5_a,6,1,24000,1.0,0.0,0.0,False,,False,,,True,18.92411734449622
Flooding,scenario_5_b,0,1,24000,1.0203929163602778,-1.0394304558249732,0.0,True,16.38337112089403,False,,,True,27.859159193641755
Flooding,scenario_5_b,1,2,24000,1.0,-0.4376410425355939,0.0,True,26.441042798824924,True,21.83443129874908,rain,True,26.17741944784523
Flooding,scenario_5_b,2,1,24000,1.0203929163602778,-1.0394304558249732,0.0,True,16.38337112089403,False,,,True,27.859159193641755
Flooding,scenario_5_b,3,2,24000,1.0,-0.4376410425355939,0.0,True,26.441042798824924,True,21.83443129874908,rain,True,26.17741944784523
Flooding,scenario_5_b,4,1,24000,1.0203929163602778,-1.0394304558249732,0.0,True,16.38337112089403,False,,,True,27.859159193641755
Flooding,scenario_5_b,5,2,24000,1.0,-0.4376410425355939,0.0,True,26.441042798824924,True,21.83443129874908,rain,True,26.17741944784523
Flooding,scenario_5_b,6,1,24000,1.0203929163602778,-1.0394304558249732,0.0,True,16.38337112089403,False,,,True,27.859159193641755
Flooding,scenario_5_c,0,1,24000,1.0,0.0,0.0,True,17.88061355544835,True,17.234280583329586,thunderstorm,True,26.597172764399204
Flooding,scenario_5_c,1,2,24000,1.022377972803773,0.0,0.0,True,15.9933364810636,False,,,True,19.18870613874172
Flooding,scenario_5_c,2,1,24000,1.0,0.0,0.0,True,17.88061355544835,True,17.234280583329586,thunderstorm,True,26.597172764399204
Flooding,scenario_5_c,3,2,24000,1.022377972803773,0.0,0.0,True,15.9933364810636,False,,,True,19.18870613874172
Flooding,scenario_5_c,4,1,24000,1.0,0.0,0.0,True,17.88061355544835,True,17.234280583329586,thunderstorm,True,26.597172764399204
Flooding,scenario_5_c,5,2,24000,1.022377972803773,0.0,0.0,True,15.9933364810636,False,,,True,19.18870613874172
Flooding,scenario_5_c,6,1,24000,1.0,0.0,0.0,True,17.88061355544835,True,17.234280583329586,thunderstorm,True,26.597172764399204
Flooding,scenario_6_a,0,1,24000,1.0,0.0,0.0,True,21.07402029291896,True,22.84256186164562,rain,False,
Flooding,scenario_6_a,1,2,24000,1.0,-0.6764734447483689,0.2103330596058557,True,27.62645831804152,True,23.97334330343653,sea_waves,True,22.610418495058894
Flooding,scenario_6_a,2,1,24000,1.0,0.0,0.0,True,21.07402029291896,True,22.84256186164562,rain,False,
Flooding,scenario_6_a,3,2,24000,1.0,-0.6764734447483689,0.2103330596058557,True,27.62645831804152,True,23.97334330343653,sea_waves,True,22.610418495058894
Flooding,scenario_6_a,4,1,24000,1.0,0.0,0.0,True,21.07402029291896,True,22.84256186164562,rain,False,
Flooding,scenario_6_a,5,2,24000,1.0,-0.6764734447483689,0.2103330596058557,True,27.62645831804152,True,23.97334330343653,sea_waves,True,22.610418495058894
Flooding,scenario_6_a,6,1,24000,1.0,0.0,0.0,True,21.07402029291896,True,22.84256186164562,rain,False,
Flooding,scenario_6_b,0,1,24000,1.0,0.0,0.0,True,24.421916263905942,True,28.408006971215105,rain,False,
Flooding,scenario_6_b,1,2,24000,1.0,0.0,0.45786494275196876,True,18.217013979428128,True,27.688131177867508,engine,True,18.572232551739038
Flooding,scenario_6_b,2,1,24000,1.0,0.0,0.0,True,24.421916263905942,True,28.408006971215105,rain,False,
Flooding,scenario_6_b,3,2,24000,1.0,0.0,0.45786494275196876,True,18.217013979428128,True,27.688131177867508,engine,True,18.572232551739038
Flooding,scenario_6_b,4,1,24000,1.0,0.0,0.0,True,24.421916263905942,True,28.408006971215105,rain,False,
Flooding,scenario_6_b,5,2,24000,1.0,0.0,0.45786494275196876,True,18.217013979428128,True,27.688131177867508,engine,True,18.572232551739038
Flooding,scenario_6_b,6,1,24000,1.0,0.0,0.0,True,24.421916263905942,True,28.408006971215105,rain,False,
Flooding,scenario_6_c,0,1,24000,1.0,0.0,0.0,True,16.306378356943725,True,28.49777456560221,engine,True,19.812732926794215
Flooding,scenario_6_c,1,2,24000,1.0,0.0,0.0,False,,False,,,True,17.588157931922932
Flooding,scenario_6_c,2,1,24000,1.0,0.0,0.0,True,16.306378356943725,True,28.49777456560221,engine,True,19.812732926794215
Flooding,scenario_6_c,3,2,24000,1.0,0.0,0.0,False,,False,,,True,17.588157931922932
Flooding,scenario_6_c,4,1,24000,1.0,0.0,0.0,True,16.306378356943725,True,28.49777456560221,engine,True,19.812732926794215
Flooding,scenario_6_c,5,2,24000,1.0,0.0,0.0,False,,False,,,True,17.588157931922932
Flooding,scenario_6_c,6,1,24000,1.0,0.0,0.0,True,16.306378356943725,True,28.49777456560221,engine,True,19.812732926794215
Flooding,scenario_7_a,0,1,24000,1.0143767687565752,0.0,0.0,True,17.682565352545296,False,,,True,19.521977503968262
Flooding,scenario_7_a,1,2,24000,1.0,0.9684482138151895,0.0,False,,True,23.533051304094798,rain,True,26.68828342421657
Flooding,scenario_7_a,2,1,24000,1.0143767687565752,0.0,0.0,True,17.682565352545296,False,,,True,19.521977503968262
Flooding,scenario_7_a,3,2,24000,1.0,0.9684482138151895,0.0,False,,True,23.533051304094798,rain,True,26.68828342421657
Flooding,scenario_7_a,4,1,24000,1.0143767687565752,0.0,0.0,True,17.682565352545296,False,,,True,19.521977503968262
Flooding,scenario_7_a,5,2,24000,1.0,0.9684482138151895,0.0,False,,True,23.533051304094798,rain,True,26.68828342421657
Flooding,scenario_7_a,6,1,24000,1.0143767687565752,0.0,0.0,True,17.682565352545296,False,,,True,19.521977503968262
Flooding,scenario_7_b,0,1,24000,1.0,0.0,0.9596456328929122,True,16.502507587216936,False,,,True,15.374000715661353
Flooding,scenario_7_b,1,2,24000,1.0,0.35858292274561077,0.0,True,28.938915421729078,True,22.93781876448891,engine,True,18.355210868421224
Flooding,scenario_7_b,2,1,24000,1.0,0.0,0.9596456328929122,True,16.502507587216936,False,,,True,15.374000715661353
Flooding,scenario_7_b,3,2,24000,1.0,0.35858292274561077,0.0,True,28.938915421729078,True,22.93781876448891,engine,True,18.355210868421224
Flooding,scenario_7_b,4,1,24000,1.0,0.0,0.9596456328929122,True,16.502507587216936,False,,,True,15.374000715661353
Flooding,scenario_7_b,5,2,24000,1.0,0.35858292274561077,0.0,True,28.938915421729078,True,22.93781876448891,engine,True,18.355210868421224
Flooding,scenario_7_b,6,1,24000,1.0,0.0,0.9596456328929122,True,16.502507587216936,False,,,True,15.374000715661353
Flooding,scenario_7_c,0,1,24000,1.0,0.0,0.0,True,21.90359245028724,False,,,False,
Flooding,scenario_7_c,1,2,24000,1.0,-0.647928354078243,0.0,True,20.33357045575947,False,,,False,
Flooding,scenario_7_c,2,1,24000,1.0,0.0,0.0,True,21.90359245028724,False,,,False,
Flooding,scenario_7_c,3,2,24000,1.0,-0.647928354078243,0.0,True,20.33357045575947,False,,,False,
Flooding,scenario_7_c,4,1,24000,1.0,0.0,0.0,True,21.90359245028724,False,,,False,
Flooding,scenario_7_c,5,2,24000,1.0,-0.647928354078243,0.0,True,20.33357045575947,False,,,False,
Flooding,scenario_7_c,6,1,24000,1.0,0.0,0.0,True,21.90359245028724,False,,,False,
Flooding,scenario_8_a,0,1,24000,1.0,0.749810510308921,0.0,True,28.931224910336347,False,,,True,16.700827747998794
Flooding,scenario_8_a,1,2,24000,1.0,0.0,0.0,False,,False,,,True,23.351285600668618
Flooding,scenario_8_a,2,1,24000,1.0,0.749810510308921,0.0,True,28.931224910336347,False,,,True,16.700827747998794
Flooding,scenario_8_a,3,2,24000,1.0,0.0,0.0,False,,False,,,True,23.351285600668618
Flooding,scenario_8_a,4,1,24000,1.0,0.749810510308921,0.0,True,28.931224910336347,False,,,True,16.700827747998794
Flooding,scenario_8_b,0,1,24000,1.0,0.0,0.0,True,24.533370156079933,True,29.219819998076865,thunderstorm,True,16.918750530861978
Flooding,scenario_8_b,1,2,24000,1.0,0.0,0.0,True,25.23258145228978,False,,,False,
Flooding,scenario_8_b,2,1,24000,1.0,0.0,0.0,True,24.533370156079933,True,29.219819998076865,thunderstorm,True,16.918750530861978
Flooding,scenario_8_b,3,2,24000,1.0,0.0,0.0,True,25.23258145228978,False,,,False,
Flooding,scenario_8_b,4,1,24000,1.0,0.0,0.0,True,24.533370156079933,True,29.219819998076865,thunderstorm,True,16.918750530861978
Flooding,scenario_8_c,0,1,24000,1.0,1.2408953037721426,0.0,False,,False,,,False,
Flooding,scenario_8_c,1,2,24000,1.0763127052285988,-1.3103900993740232,0.0,False,,False,,,True,18.181366901969525
Flooding,scenario_8_c,2,1,24000,1.0,1.2408953037721426,0.0,False,,False,,,False,
Flooding,scenario_8_c,3,2,24000,1.0763127052285988,-1.3103900993740232,0.0,False,,False,,,True,18.181366901969525
Flooding,scenario_8_c,4,1,24000,1.0,1.2408953037721426,0.0,False,,False,,,False,
Flooding,scenario_9_a,0,1,24000,1.0058277249261833,0.0,0.0,False,,True,20.56493626566798,rain,True,17.709151286224426
Flooding,scenario_9_a,1,2,24000,1.0,0.0,0.0,False,,True,21.853772285296095,wind,True,25.064463140214222
Flooding,scenario_9_a,2,1,24000,1.0058277249261833,0.0,0.0,False,,True,20.56493626566798,rain,True,17.709151286224426
Flooding,scenario_9_a,3,2,24000,1.0,0.0,0.0,False,,True,21.853772285296095,wind,True,25.064463140214222
Flooding,scenario_9_a,4,1,24000,1.0058277249261833,0.0,0.0,False,,True,20.56493626566798,rain,True,17.709151286224426
Flooding,scenario_9_a,5,2,24000,1.0,0.0,0.0,False,,True,21.853772285296095,wind,True,25.064463140214222
Flooding,scenario_9_a,6,1,24000,1.0058277249261833,0.0,0.0,False,,True,20.56493626566798,rain,True,17.709151286224426
Flooding,scenario_9_b,0,1,24000,0.9621709254547012,0.0,0.5410246808134445,False,,True,15.681059042408586,wind,True,23.422205112575124
Flooding,scenario_9_b,1,2,24000,1.0,0.0,0.0,True,20.739376200862676,False,,,False,
Flooding,scenario_9_b,2,1,24000,0.9621709254547012,0.0,0.5410246808134445,False,,True,15.681059042408586,wind,True,23.422205112575124
Flooding,scenario_9_b,3,2,24000,1.0,0.0,0.0,True,20.739376200862676,False,,,False,
Flooding,scenario_9_b,4,1,24000,0.9621709254547012,0.0,0.5410246808134445,False,,True,15.681059042408586,wind,True,23.422205112575124
Flooding,scenario_9_b,5,2,24000,1.0,0.0,0.0,True,20.739376200862676,False,,,False,
Flooding,scenario_9_b,6,1,24000,0.9621709254547012,0.0,0.5410246808134445,False,,True,15.681059042408586,wind,True,23.422205112575124
Flooding,scenario_9_c,0,1,24000,1.0,-0.44831061152632,-0.18488584512838568,True,23.66413548734578,False,,,True,21.427097500440244
Flooding,scenario_9_c,1,2,24000,1.0,0.0,-0.34381653356477715,True,20.219082738657548,True,18.18774852738174,wind,True,18.826558082924173
Flooding,scenario_9_c,2,1,24000,1.0,-0.44831061152632,-0.18488584512838568,True,23.66413548734578,False,,,True,21.427097500440244
Flooding,scenario_9_c,3,2,24000,1.0,0.0,-0.34381653356477715,True,20.219082738657548,True,18.18774852738174,wind,True,18.826558082924173
Flooding,scenario_9_c,4,1,24000,1.0,-0.44831061152632,-0.18488584512838568,True,23.66413548734578,False,,,True,21.427097500440244
Flooding,scenario_9_c,5,2,24000,1.0,0.0,-0.34381653356477715,True,20.219082738657548,True,18.18774852738174,wind,True,18.826558082924173
Flooding,scenario_9_c,6,1,24000,1.0,-0.44831061152632,-0.18488584512838568,True,23.66413548734578,False,,,True,21.427097500440244
PanPan,scenario_10_a,0,1,24000,1.0,0.0,0.0,False,,False,,,True,29.609071271883657
PanPan,scenario_10_a,1,2,24000,1.0,0.0,0.0,True,17.95562177928751,False,,,False,
PanPan,scenario_10_a,2,1,24000,1.0,0.0,0.0,False,,False,,,True,29.609071271883657
PanPan,scenario_10_a,3,3,24000,1.0,0.0,0.0,True,26.297143833005386,False,,,True,25.506393133923545
PanPan,scenario_10_a,4,1,24000,1.0,0.0,0.0,False,,False,,,True,29.609071271883657
PanPan,scenario_10_a,5,4,24000,1.0,0.0,0.24554934993840982,True,18.60153120655807,True,16.269530839251168,rain,True,25.24047423678632
PanPan,scenario_10_a,6,1,24000,1.0,0.0,0.0,False,,False,,,True,29.609071271883657
PanPan,scenario_10_a,7,3,24000,1.0,0.0,0.0,True,26.297143833005386,False,,,True,25.506393133923545
PanPan,scenario_10_a,8,4,24000,1.0,0.0,0.24554934993840982,True,18.60153120655807,True,16.269530839251168,rain,True,25.24047423678632
PanPan,scenario_10_a,9,1,24000,1.0,0.0,0.0,False,,False,,,True,29.609071271883657
PanPan,scenario_10_b,0,1,24000,1.0,0.0,-0.6120088898716003,False,,False,,,False,
PanPan,scenario_10_b,1,2,24000,1.0,0.0,0.0,True,28.9864354063209,True,19.88225471031783,wind,True,29.761252780887887
PanPan,scenario_10_b,2,1,24000,1.0,0.0,-0.6120088898716003,False,,False,,,False,
PanPan,scenario_10_b,3,3,24000,1.0279873262244836,0.0,0.0,True,28.404322064170145,False,,,True,19.309941235585946
PanPan,scenario_10_b,4,1,24000,1.0,0.0,-0.6120088898716003,False,,False,,,False,
PanPan,scenario_10_b,5,4,24000,1.0,0.0,0.9593560989180887,False,,False,,,False,
PanPan,scenario_10_b,6,1,24000,1.0,0.0,-0.6120088898716003,False,,False,,,False,
PanPan,scenario_10_b,7,3,24000,1.0279873262244836,0.0,0.0,True,28.404322064170145,False,,,True,19.309941235585946
PanPan,scenario_10_b,8,4,24000,1.0,0.0,0.9593560989180887,False,,False,,,False,
PanPan,scenario_10_b,9,1,24000,1.0,0.0,-0.6120088898716003,False,,False,,,False,
PanPan,scenario_10_c,0,1,24000,1.0,0.0,0.0,True,16.11290028299842,True,18.4698630586158,thunderstorm,False,
PanPan,scenario_10_c,1,2,24000,1.0539926787946094,0.0,0.9076258467509475,True,23.673276190117097,True,16.870338225148437,sea_waves,True,16.81577074372323
PanPan,scenario_10_c,2,1,24000,1.0,0.0,0.0,True,16.11290028299842,True,18.4698630586158,thunderstorm,False,
PanPan,scenario_10_c,3,3,24000,1.0,0.7837817484187162,-0.5882226966389215,True,21.98927473861901,True,20.246468571214596,wind,True,17.41653414025968
PanPan,scenario_10_c,4,1,24000,1.0,0.0,0.0,True,16.11290028299842,True,18.4698630586158,thunderstorm,False,
PanPan,scenario_10_c,5,4,24000,0.965637601167715,0.0,0.0,True,18.2778942199417,False,,,False,
PanPan,scenario_10_c,6,1,24000,1.0,0.0,0.0,True,16.11290028299842,True,18.4698630586158,thunderstorm,False,
PanPan,scenario_10_c,7,3,24000,1.0,0.7837817484187162,-0.5882226966389215,True,21.98927473861901,True,20.246468571214596,wind,True,17.41653414025968
PanPan,scenario_10_c,8,4,24000,0.965637601167715,0.0,0.0,True,18.2778942199417,False,,,False,
PanPan,scenario_10_c,9,1,24000,1.0,0.0,0.0,True,16.11290028299842,True,18.4698630586158,thunderstorm,False,
PanPan,scenario_1_a,0,1,24000,1.0,0.0,-0.9249202564046075,True,15.876680257376181,True,29.20873772877436,wind,True,27.22600104947588
PanPan,scenario_1_a,1,2,24000,1.0,0.0,0.0,True,21.41664424352123,True,21.56309386967526,thunderstorm,True,26.638585866807563
PanPan,scenario_1_a,2,1,24000,1.0,0.0,-0.9249202564046075,True,15.876680257376181,True,29.20873772877436,wind,True,27.22600104947588
PanPan,scenario_1_a,3,2,24000,1.0,0.0,0.0,True,21.41664424352123,True,21.56309386967526,thunderstorm,True,26.638585866807563
PanPan,scenario_1_a,4,1,24000,1.0,0.0,-0.9249202564046075,True,15.876680257376181,True,29.20873772877436,wind,True,27.22600104947588
PanPan,scenario_1_a,5,2,24000,1.0,0.0,0.0,True,21.41664424352123,True,21.56309386967526,thunderstorm,True,26.638585866807563
PanPan,scenario_1_a,6,1,24000,1.0,0.0,-0.9249202564046075,True,15.876680257376181,True,29.20873772877436,wind,True,27.22600104947588
PanPan,scenario_1_b,0,1,24000,1.0,0.0,0.0,True,27.06659229467177,True,24.207745010009024,wind,True,22.612302603314227
PanPan,scenario_1_b,1,2,24000,1.0,1.238084840911224,0.3082396592033718,True,17.365018705007735,False,,,True,19.838704830861897
PanPan,scenario_1_b,2,1,24000,1.0,0.0,0.0,True,27.06659229467177,True,24.207745010009024,wind,True,22.612302603314227
PanPan,scenario_1_b,3,2,24000,1.0,1.238084840911224,0.3082396592033718,True,17.365018705007735,False,,,True,19.838704830861897
PanPan,scenario_1_b,4,1,24000,1.0,0.0,0.0,True,27.06659229467177,True,24.207745010009024,wind,True,22.612302603314227
PanPan,scenario_1_b,5,2,24000,1.0,1.238084840911224,0.3082396592033718,True,17.365018705007735,False,,,True,19.838704830861897
PanPan,scenario_1_b,6,1,24000,1.0,0.0,0.0,True,27.06659229467177,True,24.207745010009024,wind,True,22.612302603314227
PanPan,scenario_1_c,0,1,24000,1.0,0.0,0.0,True,21.76652797290395,False,,,True,27.339524305320005
PanPan,scenario_1_c,1,2,24000,1.0,0.0,-0.09024840437241122,True,19.570541936732706,False,,,True,16.115783883989444
PanPan,scenario_1_c,2,1,24000,1.0,0.0,0.0,True,21.76652797290395,False,,,True,27.339524305320005
PanPan,scenario_1_c,3,2,24000,1.0,0.0,-0.09024840437241122,True,19.570541936732706,False,,,True,16.115783883989444
PanPan,scenario_1_c,4,1,24000,1.0,0.0,0.0,True,21.76652797290395,False,,,True,27.339524305320005
PanPan,scenario_1_c,5,2,24000,1.0,0.0,-0.09024840437241122,True,19.570541936732706,False,,,True,16.115783883989444
PanPan,scenario_1_c,6,1,24000,1.0,0.0,0.0,True,21.76652797290395,False,,,True,27.339524305320005
PanPan,scenario_2_a,0,1,24000,1.0,0.0,0.0,True,29.401970145897366,False,,,False,
PanPan,scenario_2_a,1,2,24000,1.0,0.0,0.0,True,22.081561330183835,True,27.054688077597262,thunderstorm,True,24.46535085329267
PanPan,scenario_2_a,2,1,24000,1.0,0.0,0.0,True,29.401970145897366,False,,,False,
PanPan,scenario_2_a,3,2,24000,1.0,0.0,0.0,True,22.081561330183835,True,27.054688077597262,thunderstorm,True,24.46535085329267
PanPan,scenario_2_a,4,1,24000,1.0,0.0,0.0,True,29.401970145897366,False,,,False,
PanPan,scenario_2_a,5,2,24000,1.0,0.0,0.0,True,22.081561330183835,True,27.054688077597262,thunderstorm,True,24.46535085329267
PanPan,scenario_2_a,6,1,24000,1.0,0.0,0.0,True,29.401970145897366,False,,,False,
PanPan,scenario_2_b,0,1,24000,1.0,0.0,0.0,True,23.32277917505744,True,15.938923170431808,rain,True,21.67755510935666
PanPan,scenario_2_b,1,2,24000,0.9792107554324742,0.0,0.0,False,,False,,,True,29.575031799007412
PanPan,scenario_2_b,2,1,24000,1.0,0.0,0.0,True,23.32277917505744,True,15.938923170431808,rain,True,21.67755510935666
PanPan,scenario_2_b,3,2,24000,0.9792107554324742,0.0,0.0,False,,False,,,True,29.575031799007412
PanPan,scenario_2_b,4,1,24000,1.0,0.0,0.0,True,23.32277917505744,True,15.938923170431808,rain,True,21.67755510935666
PanPan,scenario_2_b,5,2,24000,0.9792107554324742,0.0,0.0,False,,False,,,True,29.575031799007412
PanPan,scenario_2_b,6,1,24000,1.0,0.0,0.0,True,23.32277917505744,True,15.938923170431808,rain,True,21.67755510935666
PanPan,scenario_2_c,0,1,24000,0.9655480549648352,0.0,0.0,True,21.00691382620619,False,,,False,
PanPan,scenario_2_c,1,2,24000,1.0,0.0,0.0,True,19.378481632139096,False,,,True,20.014683774945233
PanPan,scenario_2_c,2,1,24000,0.9655480549648352,0.0,0.0,True,21.00691382620619,False,,,False,
PanPan,scenario_2_c,3,2,24000,1.0,0.0,0.0,True,19.378481632139096,False,,,True,20.014683774945233
PanPan,scenario_2_c,4,1,24000,0.9655480549648352,0.0,0.0,True,21.00691382620619,False,,,False,
PanPan,scenario_2_c,5,2,24000,1.0,0.0,0.0,True,19.378481632139096,False,,,True,20.014683774945233
PanPan,scenario_2_c,6,1,24000,0.9655480549648352,0.0,0.0,True,21.00691382620619,False,,,False,
PanPan,scenario_3_a,0,1,24000,0.9169985035228925,0.60949144828616,0.0,True,26.36942874038575,True,25.609141441822942,rain,True,23.873477075867243
PanPan,scenario_3_a,1,2,24000,1.0,0.0,-0.6450878624142065,True,27.62972857414342,False,,,True,15.209831699544347
PanPan,scenario_3_a,2,1,24000,0.9169985035228925,0.60949144828616,0.0,True,26.36942874038575,True,25.609141441822942,rain,True,23.873477075867243
PanPan,scenario_3_a,3,2,24000,1.0,0.0,-0.6450878624142065,True,27.62972857414342,False,,,True,15.209831699544347
PanPan,scenario_3_a,4,1,24000,0.9169985035228925,0.60949144828616,0.0,True,26.36942874038575,True,25.609141441822942,rain,True,23.873477075867243
PanPan,scenario_3_a,5,2,24000,1.0,0.0,-0.6450878624142065,True,27.62972857414342,False,,,True,15.209831699544347
PanPan,scenario_3_a,6,1,24000,0.9169985035228925,0.60949144828616,0.0,True,26.36942874038575,True,25.609141441822942,rain,True,23.873477075867243
PanPan,scenario_3_b,0,1,24000,1.0,0.28512241652539494,0.0,True,26.528024028286396,False,,,True,24.11894179455352
PanPan,scenario_3_b,1,2,24000,1.0,0.0,0.0,True,20.389194254129645,True,26.42043741991416,wind,True,15.30931771004651
PanPan,scenario_3_b,2,1,24000,1.0,0.28512241652539494,0.0,True,26.528024028286396,False,,,True,24.11894179455352
PanPan,scenario_3_b,3,2,24000,1.0,0.0,0.0,True,20.389194254129645,True,26.42043741991416,wind,True,15.30931771004651
PanPan,scenario_3_b,4,1,24000,1.0,0.28512241652539494,0.0,True,26.528024028286396,False,,,True,24.11894179455352
PanPan,scenario_3_b,5,2,24000,1.0,0.0,0.0,True,20.389194254129645,True,26.42043741991416,wind,True,15.30931771004651
PanPan,scenario_3_b,6,1,24000,1.0,0.28512241652539494,0.0,True,26.528024028286396,False,,,True,24.11894179455352
PanPan,scenario_3_c,0,1,24000,1.0,0.0,0.33111725548323334,False,,True,15.91248387075755,engine,True,18.285949012866027
PanPan,scenario_3_c,1,2,24000,1.0,0.9417141505892044,0.0,True,27.223450963039383,False,,,False,
PanPan,scenario_3_c,2,1,24000,1.0,0.0,0.33111725548323334,False,,True,15.91248387075755,engine,True,18.285949012866027
PanPan,scenario_3_c,3,2,24000,1.0,0.9417141505892044,0.0,True,27.223450963039383,False,,,False,
PanPan,scenario_3_c,4,1,24000,1.0,0.0,0.33111725548323334,False,,True,15.91248387075755,engine,True,18.285949012866027
PanPan,scenario_3_c,5,2,24000,1.0,0.9417141505892044,0.0,True,27.223450963039383,False,,,False,
PanPan,scenario_3_c,6,1,24000,1.0,0.0,0.33111725548323334,False,,True,15.91248387075755,engine,True,18.285949012866027
PanPan,scenario_4_a,0,1,24000,1.045996157291323,0.0,0.0,False,,True,29.992537725590246,sea_waves,True,23.920117517566883
PanPan,scenario_4_a,1,2,24000,1.0,1.9507792872162684,0.0,True,29.85936429920739,False,,,True,23.727516269089378
PanPan,scenario_4_a,2,1,24000,1.045996157291323,0.0,0.0,False,,True,29.992537725590246,sea_waves,True,23.920117517566883
PanPan,scenario_4_a,3,2,24000,1.0,1.9507792872162684,0.0,True,29.85936429920739,False,,,True,23.727516269089378
PanPan,scenario_4_a,4,1,24000,1.045996157291323,0.0,0.0,False,,True,29.992537725590246,sea_waves,True,23.920117517566883
PanPan,scenario_4_a,5,2,24000,1.0,1.9507792872162684,0.0,True,29.85936429920739,False,,,True,23.727516269089378
PanPan,scenario_4_a,6,1,24000,1.045996157291323,0.0,0.0,False,,True,29.992537725590246,sea_waves,True,23.920117517566883
PanPan,scenario_4_b,0,1,24000,1.0,0.0,-0.9937194686256106,True,28.20696682792761,True,21.309166728657857,wind,False,
PanPan,scenario_4_b,1,2,24000,1.0,-1.0631591203130686,0.0,True,16.476935633424613,True,20.64570820190928,sea_waves,False,
PanPan,scenario_4_b,2,1,24000,1.0,0.0,-0.9937194686256106,True,28.20696682792761,True,21.309166728657857,wind,False,
PanPan,scenario_4_b,3,2,24000,1.0,-1.0631591203130686,0.0,True,16.476935633424613,True,20.64570820190928,sea_waves,False,
PanPan,scenario_4_b,4,1,24000,1.0,0.0,-0.9937194686256106,True,28.20696682792761,True,21.309166728657857,wind,False,
PanPan,scenario_4_b,5,2,24000,1.0,-1.0631591203130686,0.0,True,16.476935633424613,True,20.64570820190928,sea_waves,False,
PanPan,scenario_4_b,6,1,24000,1.0,0.0,-0.9937194686256106,True,28.20696682792761,True,21.309166728657857,wind,False,
PanPan,scenario_4_c,0,1,24000,1.0412333118558879,0.5738597556121658,0.0,True,27.538749180524263,False,,,True,22.351436290062185
PanPan,scenario_4_c,1,2,24000,1.0,0.0,0.0,True,18.992116099340997,False,,,True,27.432378874432164
PanPan,scenario_4_c,2,1,24000,1.0412333118558879,0.5738597556121658,0.0,True,27.538749180524263,False,,,True,22.351436290062185
PanPan,scenario_4_c,3,2,24000,1.0,0.0,0.0,True,18.992116099340997,False,,,True,27.432378874432164
PanPan,scenario_4_c,4,1,24000,1.0412333118558879,0.5738597556121658,0.0,True,27.538749180524263,False,,,True,22.351436290062185
PanPan,scenario_4_c,5,2,24000,1.0,0.0,0.0,True,18.992116099340997,False,,,True,27.432378874432164
PanPan,scenario_4_c,6,1,24000,1.0412333118558879,0.5738597556121658,0.0,True,27.538749180524263,False,,,True,22.351436290062185
PanPan,scenario_5_a,0,1,24000,1.0,1.1203029851120636,0.0,True,28.118486659049452,False,,,True,15.846627442304536
PanPan,scenario_5_a,1,2,24000,0.9458160014448681,0.0,-0.1984354536517139,False,,False,,,True,19.77752880951145
PanPan,scenario_5_a,2,1,24000,1.0,1.1203029851120636,0.0,True,28.118486659049452,False,,,True,15.846627442304536
PanPan,scenario_5_a,3,2,24000,0.9458160014448681,0.0,-0.1984354536517139,False,,False,,,True,19.77752880951145
PanPan,scenario_5_a,4,1,24000,1.0,1.1203029851120636,0.0,True,28.118486659049452,False,,,True,15.846627442304536
PanPan,scenario_5_a,5,2,24000,0.9458160014448681,0.0,-0.1984354536517139,False,,False,,,True,19.77752880951145
PanPan,scenario_5_a,6,1,24000,1.0,1.1203029851120636,0.0,True,28.118486659049452,False,,,True,15.846627442304536
PanPan,scenario_5_b,0,1,24000,1.0,0.0,0.5205164117276995,True,20.561033088305837,True,17.66454847169691,engine,True,27.54530885782246
PanPan,scenario_5_b,1,2,24000,1.0,0.0,-0.15268149837655254,True,24.88552173375485,False,,,True,18.083790017258984
PanPan,scenario_5_b,2,1,24000,1.0,0.0,0.5205164117276995,True,20.561033088305837,True,17.66454847169691,engine,True,27.54530885782246
PanPan,scenario_5_b,3,2,24000,1.0,0.0,-0.15268149837655254,True,24.88552173375485,False,,,True,18.083790017258984
PanPan,scenario_5_b,4,1,24000,1.0,0.0,0.5205164117276995,True,20.561033088305837,True,17.66454847169691,engine,True,27.54530885782246
PanPan,scenario_5_b,5,2,24000,1.0,0.0,-0.15268149837655254,True,24.88552173375485,False,,,True,18.083790017258984
PanPan,scenario_5_b,6,1,24000,1.0,0.0,0.5205164117276995,True,20.561033088305837,True,17.66454847169691,engine,True,27.54530885782246
PanPan,scenario_5_c,0,1,24000,1.0,-0.35241020462218664,0.0,True,15.54757467224005,False,,,True,28.722702610284735
PanPan,scenario_5_c,1,2,24000,1.0,0.0,0.0,True,19.942355753062603,False,,,False,
PanPan,scenario_5_c,2,1,24000,1.0,-0.35241020462218664,0.0,True,15.54757467224005,False,,,True,28.722702610284735
PanPan,scenario_5_c,3,2,24000,1.0,0.0,0.0,True,19.942355753062603,False,,,False,
PanPan,scenario_5_c,4,1,24000,1.0,-0.35241020462218664,0.0,True,15.54757467224005,False,,,True,28.722702610284735
PanPan,scenario_5_c,5,2,24000,1.0,0.0,0.0,True,19.942355753062603,False,,,False,
PanPan,scenario_5_c,6,1,24000,1.0,-0.35241020462218664,0.0,True,15.54757467224005,False,,,True,28.722702610284735
PanPan,scenario_6_a,0,1,24000,1.0,0.0,0.6998427905745646,True,15.02209047224892,False,,,False,
PanPan,scenario_6_a,1,2,24000,1.0,0.0,0.0,False,,False,,,True,29.197895902789092
PanPan,scenario_6_a,2,1,24000,1.0,0.0,0.6998427905745646,True,15.02209047224892,False,,,False,
PanPan,scenario_6_a,3,3,24000,1.0,0.0,0.0,False,,True,26.036770501700637,thunderstorm,True,24.928859166478336
PanPan,scenario_6_a,4,1,24000,1.0,0.0,0.6998427905745646,True,15.02209047224892,False,,,False,
PanPan,scenario_6_a,5,2,24000,1.0,0.0,0.0,False,,False,,,True,29.197895902789092
PanPan,scenario_6_a,6,1,24000,1.0,0.0,0.6998427905745646,True,15.02209047224892,False,,,False,
PanPan,scenario_6_a,7,3,24000,1.0,0.0,0.0,False,,True,26.036770501700637,thunderstorm,True,24.928859166478336
PanPan,scenario_6_a,8,2,24000,1.0,0.0,0.0,False,,False,,,True,29.197895902789092
PanPan,scenario_6_a,9,1,24000,1.0,0.0,0.6998427905745646,True,15.02209047224892,False,,,False,
PanPan,scenario_6_b,0,1,24000,1.0,0.0,0.0,True,25.006939836571547,False,,,True,15.170347913672014
PanPan,scenario_6_b,1,2,24000,1.0,0.0,0.0,True,16.27762594899439,False,,,True,29.028640128982605
PanPan,scenario_6_b,2,1,24000,1.0,0.0,0.0,True,25.006939836571547,False,,,True,15.170347913672014
PanPan,scenario_6_b,3,3,24000,1.0463524806258806,0.0,0.0,True,21.728309275948757,False,,,True,19.064004141097772
PanPan,scenario_6_b,4,1,24000,1.0,0.0,0.0,True,25.006939836571547,False,,,True,15.170347913672014
PanPan,scenario_6_b,5,2,24000,1.0,0.0,0.0,True,16.27762594899439,False,,,True,29.028640128982605
PanPan,scenario_6_b,6,1,24000,1.0,0.0,0.0,True,25.006939836571547,False,,,True,15.170347913672014
PanPan,scenario_6_b,7,3,24000,1.0463524806258806,0.0,0.0,True,21.728309275948757,False,,,True,19.064004141097772
PanPan,scenario_6_b,8,2,24000,1.0,0.0,0.0,True,16.27762594899439,False,,,True,29.028640128982605
PanPan,scenario_6_b,9,1,24000,1.0,0.0,0.0,True,25.006939836571547,False,,,True,15.170347913672014
PanPan,scenario_6_c,0,1,24000,1.0,0.562289741498232,-0.11241391672618661,True,26.188467674713067,False,,,True,25.937919979231154
PanPan,scenario_6_c,1,2,24000,1.0813699042622174,0.0,0.856252712199105,True,15.622949346478277,True,27.43852559570562,rain,True,16.938985518843012
PanPan,scenario_6_c,2,1,24000,1.0,0.562289741498232,-0.11241391672618661,True,26.188467674713067,False,,,True,25.937919979231154
PanPan,scenario_6_c,3,3,24000,1.0,0.0,-0.8188741188592357,True,23.415897055056945,False,,,True,20.217911596885003
PanPan,scenario_6_c,4,1,24000,1.0,0.562289741498232,-0.11241391672618661,True,26.188467674713067,False,,,True,25.937919979231154
PanPan,scenario_6_c,5,2,24000,1.0813699042622174,0.0,0.856252712199105,True,15.622949346478277,True,27.43852559570562,rain,True,16.938985518843012
PanPan,scenario_6_c,6,1,24000,1.0,0.562289741498232,-0.11241391672618661,True,26.188467674713067,False,,,True,25.937919979231154
PanPan,scenario_6_c,7,3,24000,1.0,0.0,-0.8188741188592357,True,23.415897055056945,False,,,True,20.217911596885003
PanPan,scenario_6_c,8,2,24000,1.0813699042622174,0.0,0.856252712199105,True,15.622949346478277,True,27.43852559570562,rain,True,16.938985518843012
PanPan,scenario_6_c,9,1,24000,1.0,0.562289741498232,-0.11241391672618661,True,26.188467674713067,False,,,True,25.937919979231154
PanPan,scenario_7_a,0,1,24000,1.0345335699368587,0.0,0.0,True,19.03093509637306,True,15.863684257288135,rain,False,
PanPan,scenario_7_a,1,2,24000,1.0,0.0,0.8784668903862272,True,22.59348042680063,False,,,False,
PanPan,scenario_7_a,2,1,24000,1.0345335699368587,0.0,0.0,True,19.03093509637306,True,15.863684257288135,rain,False,
PanPan,scenario_7_a,3,3,24000,1.0,0.0,0.0,True,23.605148954072966,True,22.28551812235514,engine,True,16.56730788082465
PanPan,scenario_7_a,4,1,24000,1.0345335699368587,0.0,0.0,True,19.03093509637306,True,15.863684257288135,rain,False,
PanPan,scenario_7_a,5,2,24000,1.0,0.0,0.8784668903862272,True,22.59348042680063,False,,,False,
PanPan,scenario_7_a,6,1,24000,1.0345335699368587,0.0,0.0,True,19.03093509637306,True,15.863684257288135,rain,False,
PanPan,scenario_7_a,7,3,24000,1.0,0.0,0.0,True,23.605148954072966,True,22.28551812235514,engine,True,16.56730788082465
PanPan,scenario_7_a,8,2,24000,1.0,0.0,0.8784668903862272,True,22.59348042680063,False,,,False,
PanPan,scenario_7_a,9,1,24000,1.0345335699368587,0.0,0.0,True,19.03093509637306,True,15.863684257288135,rain,False,
PanPan,scenario_7_b,0,1,24000,1.0,0.0,0.0,True,27.720451336337774,True,21.0980383953619,wind,True,21.387009101024482
PanPan,scenario_7_b,1,2,24000,1.0966238537560602,0.0,0.0,True,25.01960138735023,True,21.49887539125644,engine,True,24.111030229437766
PanPan,scenario_7_b,2,1,24000,1.0,0.0,0.0,True,27.720451336337774,True,21.0980383953619,wind,True,21.387009101024482
PanPan,scenario_7_b,3,3,24000,1.0,0.0,0.0,True,19.205500067456533,False,,,True,17.86814699072957
PanPan,scenario_7_b,4,1,24000,1.0,0.0,0.0,True,27.720451336337774,True,21.0980383953619,wind,True,21.387009101024482
PanPan,scenario_7_b,5,2,24000,1.0966238537560602,0.0,0.0,True,25.01960138735023,True,21.49887539125644,engine,True,24.111030229437766
PanPan,scenario_7_b,6,1,24000,1.0,0.0,0.0,True,27.720451336337774,True,21.0980383953619,wind,True,21.387009101024482
PanPan,scenario_7_b,7,3,24000,1.0,0.0,0.0,True,19.205500067456533,False,,,True,17.86814699072957
PanPan,scenario_7_b,8,2,24000,1.0966238537560602,0.0,0.0,True,25.01960138735023,True,21.49887539125644,engine,True,24.111030229437766
PanPan,scenario_7_b,9,1,24000,1.0,0.0,0.0,True,27.720451336337774,True,21.0980383953619,wind,True,21.387009101024482
PanPan,scenario_7_c,0,1,24000,1.0810578148162961,0.0,0.0,True,24.112079132585244,True,18.639156115857674,thunderstorm,True,21.31084693493282
PanPan,scenario_7_c,1,2,24000,1.0,0.0,0.0,True,22.17661719223864,False,,,False,
PanPan,scenario_7_c,2,1,24000,1.0810578148162961,0.0,0.0,True,24.112079132585244,True,18.639156115857674,thunderstorm,True,21.31084693493282
PanPan,scenario_7_c,3,3,24000,1.0,0.0,0.0,True,26.419238558747892,True,21.348876549932648,engine,False,
PanPan,scenario_7_c,4,1,24000,1.0810578148162961,0.0,0.0,True,24.112079132585244,True,18.639156115857674,thunderstorm,True,21.31084693493282
PanPan,scenario_7_c,5,2,24000,1.0,0.0,0.0,True,22.17661719223864,False,,,False,
PanPan,scenario_7_c,6,1,24000,1.0810578148162961,0.0,0.0,True,24.112079132585244,True,18.639156115857674,thunderstorm,True,21.31084693493282
PanPan,scenario_7_c,7,3,24000,1.0,0.0,0.0,True,26.419238558747892,True,21.348876549932648,engine,False,
PanPan,scenario_7_c,8,2,24000,1.0,0.0,0.0,True,22.17661719223864,False,,,False,
PanPan,scenario_7_c,9,1,24000,1.0810578148162961,0.0,0.0,True,24.112079132585244,True,18.639156115857674,thunderstorm,True,21.31084693493282
PanPan,scenario_8_a,0,1,24000,1.0,0.0,0.0,True,26.369004155466413,False,,,True,21.58007454599765
PanPan,scenario_8_a,1,2,24000,0.9001587246368677,0.0,-0.5331497033520836,True,19.139899914484904,False,,,True,20.60687046721254
PanPan,scenario_8_a,2,1,24000,1.0,0.0,0.0,True,26.369004155466413,False,,,True,21.58007454599765
PanPan,scenario_8_a,3,3,24000,1.0,0.0,0.0,False,,True,27.329522137886215,sea_waves,True,18.665866806115698
PanPan,scenario_8_a,4,1,24000,1.0,0.0,0.0,True,26.369004155466413,False,,,True,21.58007454599765
PanPan,scenario_8_a,5,4,24000,1.0954630085633787,0.6593569271594513,-0.24443855673315906,True,29.41320437899845,False,,,False,
PanPan,scenario_8_a,6,1,24000,1.0,0.0,0.0,True,26.369004155466413,False,,,True,21.58007454599765
PanPan,scenario_8_a,7,4,24000,1.0954630085633787,0.6593569271594513,-0.24443855673315906,True,29.41320437899845,False,,,False,
PanPan,scenario_8_a,8,3,24000,1.0,0.0,0.0,False,,True,27.329522137886215,sea_waves,True,18.665866806115698
PanPan,scenario_8_a,9,1,24000,1.0,0.0,0.0,True,26.369004155466413,False,,,True,21.58007454599765
PanPan,scenario_8_b,0,1,24000,1.0,0.0,0.0,False,,False,,,False,
PanPan,scenario_8_b,1,2,24000,1.0,0.0,0.0,True,15.28648479535415,False,,,True,19.12647738015363
PanPan,scenario_8_b,2,1,24000,1.0,0.0,0.0,False,,False,,,False,
PanPan,scenario_8_b,3,3,24000,1.0,-0.6854537361659516,0.0,True,20.84444114276426,True,23.56828809092267,engine,True,26.641059896172806
PanPan,scenario_8_b,4,1,24000,1.0,0.0,0.0,False,,False,,,False,
PanPan,scenario_8_b,5,4,24000,0.9623101050498444,0.0,0.8237029766835646,True,27.461905503463022,True,28.88744418908692,engine,True,23.16436864427311
PanPan,scenario_8_b,6,1,24000,1.0,0.0,0.0,False,,False,,,False,
PanPan,scenario_8_b,7,4,24000,0.9623101050498444,0.0,0.8237029766835646,True,27.461905503463022,True,28.88744418908692,engine,True,23.16436864427311
PanPan,scenario_8_b,8,3,24000,1.0,-0.6854537361659516,0.0,True,20.84444114276426,True,23.56828809092267,engine,True,26.641059896172806
PanPan,scenario_8_b,9,1,24000,1.0,0.0,0.0,False,,False,,,False,
PanPan,scenario_8_c,0,1,24000,1.0,0.0,0.0,True,18.123108226688988,True,19.443655448389727,rain,True,29.85784484269821
PanPan,scenario_8_c,1,2,24000,1.0,0.0,0.0,False,,True,15.051455829487887,thunderstorm,True,27.19096221907251
PanPan,scenario_8_c,2,1,24000,1.0,0.0,0.0,True,18.123108226688988,True,19.443655448389727,rain,True,29.85784484269821
PanPan,scenario_8_c,3,3,24000,1.0286257006684134,0.0,0.0,True,21.550209815345887,True,29.04012352208474,sea_waves,True,22.34062610825798
PanPan,scenario_8_c,4,1,24000,1.0,0.0,0.0,True,18.123108226688988,True,19.443655448389727,rain,True,29.85784484269821
PanPan,scenario_8_c,5,4,24000,1.0,0.0,0.4409931809082248,True,19.784047433844343,True,29.36732459937937,thunderstorm,False,
PanPan,scenario_8_c,6,1,24000,1.0,0.0,0.0,True,18.123108226688988,True,19.443655448389727,rain,True,29.85784484269821
PanPan,scenario_8_c,7,4,24000,1.0,0.0,0.4409931809082248,True,19.784047433844343,True,29.36732459937937,thunderstorm,False,
PanPan,scenario_8_c,8,3,24000,1.0286257006684134,0.0,0.0,True,21.550209815345887,True,29.04012352208474,sea_waves,True,22.34062610825798
PanPan,scenario_8_c,9,1,24000,1.0,0.0,0.0,True,18.123108226688988,True,19.443655448389727,rain,True,29.85784484269821
PanPan,scenario_9_a,0,1,24000,1.0,1.433751493409805,0.0,True,27.291100698145247,False,,,False,
PanPan,scenario_9_a,1,2,24000,1.0,0.4167812909845581,-0.876411661474978,True,17.757106875114125,False,,,True,16.491750260082952
PanPan,scenario_9_a,2,1,24000,1.0,1.433751493409805,0.0,True,27.291100698145247,False,,,False,
PanPan,scenario_9_a,3,3,24000,1.0,0.0,0.0,True,15.8761997160987,True,24.721539269722708,thunderstorm,False,
PanPan,scenario_9_a,4,1,24000,1.0,1.433751493409805,0.0,True,27.291100698145247,False,,,False,
PanPan,scenario_9_a,5,2,24000,1.0,0.4167812909845581,-0.876411661474978,True,17.757106875114125,False,,,True,16.491750260082952
PanPan,scenario_9_a,6,1,24000,1.0,1.433751493409805,0.0,True,27.291100698145247,False,,,False,
PanPan,scenario_9_a,7,3,24000,1.0,0.0,0.0,True,15.8761997160987,True,24.721539269722708,thunderstorm,False,
PanPan,scenario_9_a,8,4,24000,1.0,0.0,0.0,True,21.387907321722366,True,19.319686074721567,rain,True,16.804706009665157
PanPan,scenario_9_a,9,1,24000,1.0,1.433751493409805,0.0,True,27.291100698145247,False,,,False,
PanPan,scenario_9_b,0,1,24000,1.0821415638102425,0.0,0.0,True,17.05410499575514,True,19.369600754020492,wind,True,21.884332003916874
PanPan,scenario_9_b,1,2,24000,1.0,0.0,0.0,False,,True,16.69235610224645,thunderstorm,False,
PanPan,scenario_9_b,2,1,24000,1.0821415638102425,0.0,0.0,True,17.05410499575514,True,19.369600754020492,wind,True,21.884332003916874
PanPan,scenario_9_b,3,3,24000,1.0,0.0,0.7341739116280857,True,20.543867732986556,False,,,False,
PanPan,scenario_9_b,4,1,24000,1.0821415638102425,0.0,0.0,True,17.05410499575514,True,19.369600754020492,wind,True,21.884332003916874
PanPan,scenario_9_b,5,2,24000,1.0,0.0,0.0,False,,True,16.69235610224645,thunderstorm,False,
PanPan,scenario_9_b,6,1,24000,1.0821415638102425,0.0,0.0,True,17.05410499575514,True,19.369600754020492,wind,True,21.884332003916874
PanPan,scenario_9_b,7,3,24000,1.0,0.0,0.7341739116280857,True,20.543867732986556,False,,,False,
PanPan,scenario_9_b,8,4,24000,1.0,0.0,0.0,True,22.27316106908981,False,,,True,28.12458311502276
PanPan,scenario_9_b,9,1,24000,1.0821415638102425,0.0,0.0,True,17.05410499575514,True,19.369600754020492,wind,True,21.884332003916874
PanPan,scenario_9_c,0,1,24000,1.0560465523638414,-0.22965848721861803,-0.8536332838527867,False,,False,,,True,17.9019316988293
PanPan,scenario_9_c,1,2,24000,1.0,0.0,0.0,True,18.990213947304834,True,20.49968240622496,rain,True,27.361800987976714
PanPan,scenario_9_c,2,1,24000,1.0560465523638414,-0.22965848721861803,-0.8536332838527867,False,,False,,,True,17.9019316988293
PanPan,scenario_9_c,3,3,24000,1.0,0.0,-0.016006784224049886,True,16.616954313630764,False,,,True,16.369345242329175
PanPan,scenario_9_c,4,1,24000,1.0560465523638414,-0.22965848721861803,-0.8536332838527867,False,,False,,,True,17.9019316988293
PanPan,scenario_9_c,5,2,24000,1.0,0.0,0.0,True,18.990213947304834,True,20.49968240622496,rain,True,27.361800987976714
PanPan,scenario_9_c,6,1,24000,1.0560465523638414,-0.22965848721861803,-0.8536332838527867,False,,False,,,True,17.9019316988293
PanPan,scenario_9_c,7,3,24000,1.0,0.0,-0.016006784224049886,True,16.616954313630764,False,,,True,16.369345242329175
PanPan,scenario_9_c,8,4,24000,0.9697703058732757,0.0,0.5595098248374737,True,24.19309408582565,True,24.069904250785477,engine,True,19.35323875159755
PanPan,scenario_9_c,9,1,24000,1.0560465523638414,-0.22965848721861803,-0.8536332838527867,False,,False,,,True,17.9019316988293
Regular,scenario_10_a,0,1,24000,1.0,-0.7280355821370907,0.0,True,24.337303281942887,True,21.507511622017184,sea_waves,False,
Regular,scenario_10_a,1,2,24000,1.0,0.0,0.0,True,26.71062674979101,True,23.74068508168358,sea_waves,True,29.300960766855418
Regular,scenario_10_a,2,1,24000,1.0,-0.7280355821370907,0.0,True,24.337303281942887,True,21.507511622017184,sea_waves,False,
Regular,scenario_10_a,3,2,24000,1.0,0.0,0.0,True,26.71062674979101,True,23.74068508168358,sea_waves,True,29.300960766855418
Regular,scenario_10_a,4,1,24000,1.0,-0.7280355821370907,0.0,True,24.337303281942887,True,21.507511622017184,sea_waves,False,
Regular,scenario_10_b,0,1,24000,1.0,0.0,0.0,True,26.213074908321452,True,26.798233497516087,engine,True,27.842244456929066
Regular,scenario_10_b,1,2,24000,1.0,1.90158703114987,0.0,True,27.99780881429895,True,26.447384512878177,engine,False,
Regular,scenario_10_b,2,1,24000,1.0,0.0,0.0,True,26.213074908321452,True,26.798233497516087,engine,True,27.842244456929066
Regular,scenario_10_b,3,2,24000,1.0,1.90158703114987,0.0,True,27.99780881429895,True,26.447384512878177,engine,False,
Regular,scenario_10_b,4,1,24000,1.0,0.0,0.0,True,26.213074908321452,True,26.798233497516087,engine,True,27.842244456929066
Regular,scenario_10_c,0,1,24000,1.0,0.0,0.0,False,,True,25.478064384078678,sea_waves,False,
Regular,scenario_10_c,1,2,24000,1.0,-0.3027402153984502,0.0,True,29.635602658637175,False,,,True,15.211734092513707
Regular,scenario_10_c,2,1,24000,1.0,0.0,0.0,False,,True,25.478064384078678,sea_waves,False,
Regular,scenario_10_c,3,2,24000,1.0,-0.3027402153984502,0.0,True,29.635602658637175,False,,,True,15.211734092513707
Regular,scenario_10_c,4,1,24000,1.0,0.0,0.0,False,,True,25.478064384078678,sea_waves,False,
Regular,scenario_1_a,0,1,24000,1.0,0.0,-0.6765526010210272,True,17.118818799254484,False,,,True,25.967314113313677
Regular,scenario_1_a,1,2,24000,1.0,0.0,0.9763836142060403,True,24.69302922978443,False,,,True,23.40691985499493
Regular,scenario_1_a,2,1,24000,1.0,0.0,-0.6765526010210272,True,17.118818799254484,False,,,True,25.967314113313677
Regular,scenario_1_a,3,2,24000,1.0,0.0,0.9763836142060403,True,24.69302922978443,False,,,True,23.40691985499493
Regular,scenario_1_a,4,1,24000,1.0,0.0,-0.6765526010210272,True,17.118818799254484,False,,,True,25.967314113313677
Regular,scenario_1_b,0,1,24000,1.0,0.0,0.0,True,20.93141827852843,True,24.000597281686705,wind,True,22.477744491202458
Regular,scenario_1_b,1,2,24000,1.0,0.0,0.0,False,,True,17.096847878852717,engine,True,28.914439907378114
Regular,scenario_1_b,2,1,24000,1.0,0.0,0.0,True,20.93141827852843,True,24.000597281686705,wind,True,22.477744491202458
Regular,scenario_1_b,3,2,24000,1.0,0.0,0.0,False,,True,17.096847878852717,engine,True,28.914439907378114
Regular,scenario_1_b,4,1,24000,1.0,0.0,0.0,True,20.93141827852843,True,24.000597281686705,wind,True,22.477744491202458
Regular,scenario_1_c,0,1,24000,1.0,0.0,0.0,True,23.29337916744624,False,,,True,29.10728717871597
Regular,scenario_1_c,1,2,24000,1.0,1.655423806922248,0.0,True,28.374554538494998,False,,,True,23.849661497205897
Regular,scenario_1_c,2,1,24000,1.0,0.0,0.0,True,23.29337916744624,False,,,True,29.10728717871597
Regular,scenario_1_c,3,2,24000,1.0,1.655423806922248,0.0,True,28.374554538494998,False,,,True,23.849661497205897
Regular,scenario_1_c,4,1,24000,1.0,0.0,0.0,True,23.29337916744624,False,,,True,29.10728717871597
Regular,scenario_2_a,0,1,24000,1.0,0.0,0.0,False,,False,,,True,21.4297350901101
Regular,scenario_2_a,1,2,24000,1.0,0.0,0.0,True,16.815358230339935,False,,,True,29.619314522803407
Regular,scenario_2_a,2,1,24000,1.0,0.0,0.0,False,,False,,,True,21.4297350901101
Regular,scenario_2_a,3,2,24000,1.0,0.0,0.0,True,16.815358230339935,False,,,True,29.619314522803407
Regular,scenario_2_b,0,1,24000,1.0,0.0,-0.8691500034166499,False,,False,,,True,25.152109378901415
Regular,scenario_2_b,1,2,24000,1.0,0.0,0.0,True,26.640691437762932,True,17.635918030620978,rain,True,23.430299964911683
Regular,scenario_2_b,2,1,24000,1.0,0.0,-0.8691500034166499,False,,False,,,True,25.152109378901415
Regular,scenario_2_b,3,2,24000,1.0,0.0,0.0,True,26.640691437762932,True,17.635918030620978,rain,True,23.430299964911683
Regular,scenario_2_c,0,1,24000,0.919184384322702,0.0,0.0,True,25.246359092820658,True,18.112307597285888,rain,False,
Regular,scenario_2_c,1,2,24000,1.0,0.0,0.0,True,17.517279524301216,True,16.865574527605926,sea_waves,False,
Regular,scenario_2_c,2,1,24000,0.919184384322702,0.0,0.0,True,25.246359092820658,True,18.112307597285888,rain,False,
Regular,scenario_2_c,3,2,24000,1.0,0.0,0.0,True,17.517279524301216,True,16.865574527605926,sea_waves,False,
Regular,scenario_3_a,0,1,24000,1.0,-0.34609425395154414,-0.50999401594399,True,19.697425815830425,True,28.52593268187602,sea_waves,True,28.297119990600663
Regular,scenario_3_a,1,2,24000,1.0,0.0,0.7442386470779425,True,22.200277047744066,True,19.621880717214882,sea_waves,True,17.995818737676096
Regular,scenario_3_a,2,1,24000,1.0,-0.34609425395154414,-0.50999401594399,True,19.697425815830425,True,28.52593268187602,sea_waves,True,28.297119990600663
Regular,scenario_3_a,3,2,24000,1.0,0.0,0.7442386470779425,True,22.200277047744066,True,19.621880717214882,sea_waves,True,17.995818737676096
Regular,scenario_3_b,0,1,24000,1.0,0.0,0.0,False,,False,,,True,24.21165146110461
Regular,scenario_3_b,1,2,24000,0.9311132104204376,0.0,0.0,True,22.979011839838673,True,22.268302214241956,rain,True,18.65453975795366
Regular,scenario_3_b,2,1,24000,1.0,0.0,0.0,False,,False,,,True,24.21165146110461
Regular,scenario_3_b,3,2,24000,0.9311132104204376,0.0,0.0,True,22.979011839838673,True,22.268302214241956,rain,True,18.65453975795366
Regular,scenario_3_c,0,1,24000,0.95164018700443,0.0,0.0,True,17.595740889581673,False,,,True,24.123992496315566
Regular,scenario_3_c,1,2,24000,1.0,-1.7644557711938815,0.0,True,22.992358813578363,False,,,True,15.711789498102542
Regular,scenario_3_c,2,1,24000,0.95164018700443,0.0,0.0,True,17.595740889581673,False,,,True,24.123992496315566
Regular,scenario_3_c,3,2,24000,1.0,-1.7644557711938815,0.0,True,22.992358813578363,False,,,True,15.711789498102542
Regular,scenario_4_a,0,1,24000,0.9007764429019726,0.0,0.3240974366613174,True,29.054738351760484,False,,,True,26.400950491354152
Regular,scenario_4_a,1,2,24000,1.0859495343974528,0.0,0.0,True,20.701550138434524,True,17.602537660817976,rain,False,
Regular,scenario_4_a,2,1,24000,0.9007764429019726,0.0,0.3240974366613174,True,29.054738351760484,False,,,True,26.400950491354152
Regular,scenario_4_a,3,2,24000,1.0859495343974528,0.0,0.0,True,20.701550138434524,True,17.602537660817976,rain,False,
Regular,scenario_4_b,0,1,24000,0.9033352646340645,0.0,0.0,True,29.921670614300897,False,,,False,
Regular,scenario_4_b,1,2,24000,1.0,0.0,0.31501596763959094,True,27.117425898826852,True,26.387087872296703,rain,True,24.40184237756437
Regular,scenario_4_b,2,1,24000,0.9033352646340645,0.0,0.0,True,29.921670614300897,False,,,False,
Regular,scenario_4_b,3,2,24000,1.0,0.0,0.31501596763959094,True,27.117425898826852,True,26.387087872296703,rain,True,24.40184237756437
Regular,scenario_4_c,0,1,24000,0.9716380890885736,0.0,0.0,True,21.608995705402094,False,,,True,25.83938554018024
Regular,scenario_4_c,1,2,24000,0.9763140803727653,0.0,0.0,True,21.53840891885461,False,,,False,
Regular,scenario_4_c,2,1,24000,0.9716380890885736,0.0,0.0,True,21.608995705402094,False,,,True,25.83938554018024
Regular,scenario_4_c,3,2,24000,0.9763140803727653,0.0,0.0,True,21.53840891885461,False,,,False,
Regular,scenario_5_a,0,1,24000,1.0,0.0,0.0,True,23.417679996361244,False,,,True,22.20746474304825
Regular,scenario_5_a,1,2,24000,1.0,0.0,0.5612470603599069,True,22.138031006468083,True,20.25757439947523,rain,False,
Regular,scenario_5_a,2,1,24000,1.0,0.0,0.0,True,23.417679996361244,False,,,True,22.20746474304825
Regular,scenario_5_a,3,2,24000,1.0,0.0,0.5612470603599069,True,22.138031006468083,True,20.25757439947523,rain,False,
Regular,scenario_5_b,0,1,24000,1.0,0.0,0.0,True,17.901250877664754,True,26.124952927536746,wind,True,29.434951726878097
Regular,scenario_5_b,1,2,24000,1.0,0.0,-0.07704102955165082,True,20.824559491214114,True,20.219019124184697,wind,True,24.885802326319798
Regular,scenario_5_b,2,1,24000,1.0,0.0,0.0,True,17.901250877664754,True,26.124952927536746,wind,True,29.434951726878097
Regular,scenario_5_b,3,2,24000,1.0,0.0,-0.07704102955165082,True,20.824559491214114,True,20.219019124184697,wind,True,24.885802326319798
Regular,scenario_5_c,0,1,24000,1.0,0.0,0.0,False,,True,27.95975019375838,rain,True,21.4374634555326
Regular,scenario_5_c,1,2,24000,1.0,0.0,0.0,True,25.500997068148493,True,27.28458080258506,rain,True,28.868014932767778
Regular,scenario_5_c,2,1,24000,1.0,0.0,0.0,False,,True,27.95975019375838,rain,True,21.4374634555326
Regular,scenario_5_c,3,2,24000,1.0,0.0,0.0,True,25.500997068148493,True,27.28458080258506,rain,True,28.868014932767778
Regular,scenario_6_a,0,1,24000,1.0,0.0,0.0,True,18.850539097349152,True,16.637823833766095,engine,True,21.019170511924287
Regular,scenario_6_a,1,2,24000,1.0,-0.4349606196717364,0.0,True,16.76798544385197,True,16.004770539517825,sea_waves,True,28.519923470687843
Regular,scenario_6_a,2,1,24000,1.0,0.0,0.0,True,18.850539097349152,True,16.637823833766095,engine,True,21.019170511924287
Regular,scenario_6_a,3,2,24000,1.0,-0.4349606196717364,0.0,True,16.76798544385197,True,16.004770539517825,sea_waves,True,28.519923470687843
Regular,scenario_6_a,4,1,24000,1.0,0.0,0.0,True,18.850539097349152,True,16.637823833766095,engine,True,21.019170511924287
Regular,scenario_6_a,5,2,24000,1.0,-0.4349606196717364,0.0,True,16.76798544385197,True,16.004770539517825,sea_waves,True,28.519923470687843
Regular,scenario_6_b,0,1,24000,1.0,0.0,0.0,True,27.65545943197619,False,,,False,
Regular,scenario_6_b,1,2,24000,1.0,0.0,0.0,True,22.676041040413942,False,,,True,20.81101730649808
Regular,scenario_6_b,2,1,24000,1.0,0.0,0.0,True,27.65545943197619,False,,,False,
Regular,scenario_6_b,3,2,24000,1.0,0.0,0.0,True,22.676041040413942,False,,,True,20.81101730649808
Regular,scenario_6_b,4,1,24000,1.0,0.0,0.0,True,27.65545943197619,False,,,False,
Regular,scenario_6_b,5,2,24000,1.0,0.0,0.0,True,22.676041040413942,False,,,True,20.81101730649808
Regular,scenario_6_c,0,1,24000,1.0,0.0,-0.6391474896364924,True,29.264330543212,True,28.315706633980653,sea_waves,False,
Regular,scenario_6_c,1,2,24000,1.0602877544723532,0.0,0.0,False,,True,22.10834181856887,wind,True,20.884527561408596
Regular,scenario_6_c,2,1,24000,1.0,0.0,-0.6391474896364924,True,29.264330543212,True,28.315706633980653,sea_waves,False,
Regular,scenario_6_c,3,2,24000,1.0602877544723532,0.0,0.0,False,,True,22.10834181856887,wind,True,20.884527561408596
Regular,scenario_6_c,4,1,24000,1.0,0.0,-0.6391474896364924,True,29.264330543212,True,28.315706633980653,sea_waves,False,
Regular,scenario_6_c,5,2,24000,1.0602877544723532,0.0,0.0,False,,True,22.10834181856887,wind,True,20.884527561408596
Regular,scenario_7_a,0,1,24000,1.0,0.0,0.0,False,,True,27.400887746910435,engine,True,17.376769824193286
Regular,scenario_7_a,1,2,24000,1.0,0.0,0.7666834941894984,False,,False,,,True,22.431110497354446
Regular,scenario_7_a,2,1,24000,1.0,0.0,0.0,False,,True,27.400887746910435,engine,True,17.376769824193286
Regular,scenario_7_a,3,2,24000,1.0,0.0,0.7666834941894984,False,,False,,,True,22.431110497354446
Regular,scenario_7_b,0,1,24000,1.0,-0.6801634546870163,0.0,True,27.01691031152474,True,23.080559965674368,rain,True,26.909029032605943
Regular,scenario_7_b,1,2,24000,0.9405584739793085,0.0,-0.9241288199548274,False,,True,27.63640304505258,engine,True,27.969979141732047
Regular,scenario_7_b,2,1,24000,1.0,-0.6801634546870163,0.0,True,27.01691031152474,True,23.080559965674368,rain,True,26.909029032605943
Regular,scenario_7_b,3,2,24000,0.9405584739793085,0.0,-0.9241288199548274,False,,True,27.63640304505258,engine,True,27.969979141732047
Regular,scenario_7_c,0,1,24000,1.0790721932763312,0.0,0.0,False,,True,16.18044349481142,rain,True,20.57003615196931
Regular,scenario_7_c,1,2,24000,1.0,0.0,0.0,True,22.458185798487236,False,,,True,29.240907816731536
Regular,scenario_7_c,2,1,24000,1.0790721932763312,0.0,0.0,False,,True,16.18044349481142,rain,True,20.57003615196931
Regular,scenario_7_c,3,2,24000,1.0,0.0,0.0,True,22.458185798487236,False,,,True,29.240907816731536
Regular,scenario_8_a,0,1,24000,1.0,-1.8629006441822198,0.0,True,17.3488949042695,True,29.75273850045827,thunderstorm,True,25.031467744369763
Regular,scenario_8_a,1,2,24000,1.0,0.0,0.0,True,15.529779077748133,True,22.726532413425044,wind,True,20.58861360718065
Regular,scenario_8_a,2,1,24000,1.0,-1.8629006441822198,0.0,True,17.3488949042695,True,29.75273850045827,thunderstorm,True,25.031467744369763
Regular,scenario_8_b,0,1,24000,1.0127170496972637,0.0,0.0,True,21.021923865873074,True,22.650028520633693,wind,True,20.662597987509898
Regular,scenario_8_b,1,2,24000,1.0,0.4767889528432714,0.0,True,24.08453160507015,True,20.052356327534042,wind,True,19.909595582466913
Regular,scenario_8_b,2,1,24000,1.0127170496972637,0.0,0.0,True,21.021923865873074,True,22.650028520633693,wind,True,20.662597987509898
Regular,scenario_8_c,0,1,24000,0.9147346777284118,0.0,0.06602713512727854,True,25.18559936962818,False,,,False,
Regular,scenario_8_c,1,2,24000,1.0,0.0,-0.3924523930805759,True,23.283173367650882,False,,,True,29.532335852675118
Regular,scenario_8_c,2,1,24000,0.9147346777284118,0.0,0.06602713512727854,True,25.18559936962818,False,,,False,
Regular,scenario_9_a,0,1,24000,1.0,0.0,0.0,True,29.896909624788066,True,24.273553225478636,wind,True,28.816607255813803
Regular,scenario_9_a,1,2,24000,1.037089019770199,-1.892951101170457,0.0,True,19.429840453751797,False,,,True,18.38789109842831
Regular,scenario_9_a,2,1,24000,1.0,0.0,0.0,True,29.896909624788066,True,24.273553225478636,wind,True,28.816607255813803
Regular,scenario_9_a,3,2,24000,1.037089019770199,-1.892951101170457,0.0,True,19.429840453751797,False,,,True,18.38789109842831
Regular,scenario_9_b,0,1,24000,1.0,0.2701876457225798,0.5523098510459963,True,25.903390895665247,True,28.14651119747763,thunderstorm,False,
Regular,scenario_9_b,1,2,24000,1.0,0.0,0.013133548130242811,True,28.936416832906968,True,27.17681034209104,sea_waves,False,
Regular,scenario_9_b,2,1,24000,1.0,0.2701876457225798,0.5523098510459963,True,25.903390895665247,True,28.14651119747763,thunderstorm,False,
Regular,scenario_9_b,3,2,24000,1.0,0.0,0.013133548130242811,True,28.936416832906968,True,27.17681034209104,sea_waves,False,
Regular,scenario_9_c,0,1,24000,1.0847833099568405,0.0,-0.9041791011868541,True,26.944084817806264,True,26.247688836088344,engine,True,19.900544221416013
Regular,scenario_9_c,1,2,24000,1.0,0.0,0.8643354955025209,True,24.979657895386147,False,,,True,28.334519968621677
Regular,scenario_9_c,2,1,24000,1.0847833099568405,0.0,-0.9041791011868541,True,26.944084817806264,True,26.247688836088344,engine,True,19.900544221416013
Regular,scenario_9_c,3,2,24000,1.0,0.0,0.8643354955025209,True,24.979657895386147,False,,,True,28.334519968621677
SAR,scenario_10_a,0,1,24000,1.0,0.2477144151831312,0.0,False,,True,23.90748255045871,thunderstorm,True,25.413778765773728
SAR,scenario_10_a,1,2,24000,1.0,0.0,0.0,True,19.79212395973882,False,,,True,29.270818958771137
SAR,scenario_10_a,2,1,24000,1.0,0.2477144151831312,0.0,False,,True,23.90748255045871,thunderstorm,True,25.413778765773728
SAR,scenario_10_a,3,3,24000,1.0,0.0,-0.7787388408286067,False,,False,,,True,18.040841827156903
SAR,scenario_10_a,4,1,24000,1.0,0.2477144151831312,0.0,False,,True,23.90748255045871,thunderstorm,True,25.413778765773728
SAR,scenario_10_a,5,2,24000,1.0,0.0,0.0,True,19.79212395973882,False,,,True,29.270818958771137
SAR,scenario_10_b,0,1,24000,1.0,-1.924560445858992,-0.21807257437850258,True,15.4594145364062,False,,,True,26.015711873541157
SAR,scenario_10_b,1,2,24000,1.0,0.0,0.0,True,17.436429453084052,True,25.471963388235373,rain,True,16.997386812492337
SAR,scenario_10_b,2,1,24000,1.0,-1.924560445858992,-0.21807257437850258,True,15.4594145364062,False,,,True,26.015711873541157
SAR,scenario_10_b,3,3,24000,1.0,0.0,0.0,False,,False,,,True,28.516371749108245
SAR,scenario_10_b,4,1,24000,1.0,-1.924560445858992,-0.21807257437850258,True,15.4594145364062,False,,,True,26.015711873541157
SAR,scenario_10_b,5,2,24000,1.0,0.0,0.0,True,17.436429453084052,True,25.471963388235373,rain,True,16.997386812492337
SAR,scenario_10_c,0,1,24000,1.0,0.0,0.0,True,27.90450049701789,False,,,True,24.501017992164527
SAR,scenario_10_c,1,2,24000,1.0,0.8470570716073422,0.0,True,22.05395950792863,True,24.232147959887136,thunderstorm,False,
SAR,scenario_10_c,2,1,24000,1.0,0.0,0.0,True,27.90450049701789,False,,,True,24.501017992164527
SAR,scenario_10_c,3,3,24000,1.0,0.0,0.0,True,21.756591965338195,False,,,False,
SAR,scenario_10_c,4,1,24000,1.0,0.0,0.0,True,27.90450049701789,False,,,True,24.501017992164527
SAR,scenario_10_c,5,2,24000,1.0,0.8470570716073422,0.0,True,22.05395950792863,True,24.232147959887136,thunderstorm,False,
SAR,scenario_1_a,0,1,24000,1.0,0.0,0.0,False,,False,,,False,
SAR,scenario_1_a,1,2,24000,0.9772406582475299,0.0,0.0,True,15.065564357132827,True,19.857630485066604,wind,False,
SAR,scenario_1_a,2,1,24000,1.0,0.0,0.0,False,,False,,,False,
SAR,scenario_1_a,3,2,24000,0.9772406582475299,0.0,0.0,True,15.065564357132827,True,19.857630485066604,wind,False,
SAR,scenario_1_a,4,1,24000,1.0,0.0,0.0,False,,False,,,False,
SAR,scenario_1_a,5,2,24000,0.9772406582475299,0.0,0.0,True,15.065564357132827,True,19.857630485066604,wind,False,
SAR,scenario_1_a,6,1,24000,1.0,0.0,0.0,False,,False,,,False,
SAR,scenario_1_a,7,3,24000,1.0952080392493628,0.0,0.0,True,21.2862935325885,False,,,True,26.10977465820006
SAR,scenario_1_a,8,1,24000,1.0,0.0,0.0,False,,False,,,False,
SAR,scenario_1_b,0,1,24000,1.0,0.0,0.0,True,25.9295368996153,True,15.158616989280858,thunderstorm,True,25.34960554979704
SAR,scenario_1_b,1,2,24000,1.0,0.0,0.0,True,16.777498066941025,True,26.691667034171225,thunderstorm,True,22.288483106220802
SAR,scenario_1_b,2,1,24000,1.0,0.0,0.0,True,25.9295368996153,True,15.158616989280858,thunderstorm,True,25.34960554979704
SAR,scenario_1_b,3,2,24000,1.0,0.0,0.0,True,16.777498066941025,True,26.691667034171225,thunderstorm,True,22.288483106220802
SAR,scenario_1_b,4,1,24000,1.0,0.0,0.0,True,25.9295368996153,True,15.158616989280858,thunderstorm,True,25.34960554979704
SAR,scenario_1_b,5,2,24000,1.0,0.0,0.0,True,16.777498066941025,True,26.691667034171225,thunderstorm,True,22.288483106220802
SAR,scenario_1_b,6,1,24000,1.0,0.0,0.0,True,25.9295368996153,True,15.158616989280858,thunderstorm,True,25.34960554979704
SAR,scenario_1_b,7,3,24000,1.0,0.0,0.0,True,19.822605505189408,True,16.14561240107896,thunderstorm,True,23.653124840414137
SAR,scenario_1_b,8,1,24000,1.0,0.0,0.0,True,25.9295368996153,True,15.158616989280858,thunderstorm,True,25.34960554979704
SAR,scenario_1_c,0,1,24000,1.0664359508410928,-0.21594307231091037,0.0,True,22.551705224641037,False,,,True,29.897261955785545
SAR,scenario_1_c,1,2,24000,1.0,0.0,0.0,True,24.95232392002415,True,23.721402683346888,rain,True,28.437189375891805
SAR,scenario_1_c,2,1,24000,1.0664359508410928,-0.21594307231091037,0.0,True,22.551705224641037,False,,,True,29.897261955785545
SAR,scenario_1_c,3,2,24000,1.0,0.0,0.0,True,24.95232392002415,True,23.721402683346888,rain,True,28.437189375891805
SAR,scenario_1_c,4,1,24000,1.0664359508410928,-0.21594307231091037,0.0,True,22.551705224641037,False,,,True,29.897261955785545
SAR,scenario_1_c,5,2,24000,1.0,0.0,0.0,True,24.95232392002415,True,23.721402683346888,rain,True,28.437189375891805
SAR,scenario_1_c,6,1,24000,1.0664359508410928,-0.21594307231091037,0.0,True,22.551705224641037,False,,,True,29.897261955785545
SAR,scenario_1_c,7,3,24000,1.0,0.9735185506121264,0.0,True,27.35818541294309,True,20.204380990557276,thunderstorm,False,
SAR,scenario_1_c,8,1,24000,1.0664359508410928,-0.21594307231091037,0.0,True,22.551705224641037,False,,,True,29.897261955785545
SAR,scenario_2_a,0,1,24000,1.0,0.0,0.0,False,,False,,,False,
SAR,scenario_2_a,1,2,24000,1.0,0.0,0.0,True,29.38330529179348,True,22.32284550509383,engine,True,23.32737851082979
SAR,scenario_2_a,2,1,24000,1.0,0.0,0.0,False,,False,,,False,
SAR,scenario_2_a,3,2,24000,1.0,0.0,0.0,True,29.38330529179348,True,22.32284550509383,engine,True,23.32737851082979
SAR,scenario_2_a,4,1,24000,1.0,0.0,0.0,False,,False,,,False,
SAR,scenario_2_a,5,3,24000,1.0664461477215255,0.0,0.0,True,15.900633573960253,True,17.032593914149434,rain,True,26.47551327455355
SAR,scenario_2_a,6,1,24000,1.0,0.0,0.0,False,,False,,,False,
SAR,scenario_2_a,7,2,24000,1.0,0.0,0.0,True,29.38330529179348,True,22.32284550509383,engine,True,23.32737851082979
SAR,scenario_2_a,8,3,24000,1.0664461477215255,0.0,0.0,True,15.900633573960253,True,17.032593914149434,rain,True,26.47551327455355
SAR,scenario_2_b,0,1,24000,1.0,1.8364039704681772,-0.13792373417315607,False,,True,29.8755181543968,thunderstorm,False,
SAR,scenario_2_b,1,2,24000,1.0,0.0,0.0,True,22.396390968182665,True,22.121238869050153,rain,True,15.870470683244205
SAR,scenario_2_b,2,1,24000,1.0,1.8364039704681772,-0.13792373417315607,False,,True,29.8755181543968,thunderstorm,False,
SAR,scenario_2_b,3,2,24000,1.0,0.0,0.0,True,22.396390968182665,True,22.121238869050153,rain,True,15.870470683244205
SAR,scenario_2_b,4,1,24000,1.0,1.8364039704681772,-0.13792373417315607,False,,True,29.8755181543968,thunderstorm,False,
SAR,scenario_2_b,5,3,24000,1.0,0.0,0.5385919379342794,False,,False,,,False,
SAR,scenario_2_b,6,1,24000,1.0,1.8364039704681772,-0.13792373417315607,False,,True,29.8755181543968,thunderstorm,False,
SAR,scenario_2_b,7,2,24000,1.0,0.0,0.0,True,22.396390968182665,True,22.121238869050153,rain,True,15.870470683244205
SAR,scenario_2_b,8,3,24000,1.0,0.0,0.5385919379342794,False,,False,,,False,
SAR,scenario_2_c,0,1,24000,1.0,0.0,0.0,True,20.31258475123724,True,15.429933183886114,sea_waves,True,15.104179328444618
SAR,scenario_2_c,1,2,24000,1.0,0.0,0.0,False,,False,,,True,26.713386779591737
SAR,scenario_2_c,2,1,24000,1.0,0.0,0.0,True,20.31258475123724,True,15.429933183886114,sea_waves,True,15.104179328444618
SAR,scenario_2_c,3,2,24000,1.0,0.0,0.0,False,,False,,,True,26.713386779591737
SAR,scenario_2_c,4,1,24000,1.0,0.0,0.0,True,20.31258475123724,True,15.429933183886114,sea_waves,True,15.104179328444618
SAR,scenario_2_c,5,3,24000,1.0,0.0,0.0,True,16.347932819148625,False,,,True,24.382699806870587
SAR,scenario_2_c,6,1,24000,1.0,0.0,0.0,True,20.31258475123724,True,15.429933183886114,sea_waves,True,15.104179328444618
SAR,scenario_2_c,7,2,24000,1.0,0.0,0.0,False,,False,,,True,26.713386779591737
SAR,scenario_2_c,8,3,24000,1.0,0.0,0.0,True,16.347932819148625,False,,,True,24.382699806870587
SAR,scenario_3_a,0,1,24000,1.0,0.16457043380670955,0.0,True,23.239707089150414,True,24.69880834193444,rain,True,15.947659694761095
SAR,scenario_3_a,1,2,24000,1.0,0.0,0.0,False,,False,,,False,
SAR,scenario_3_a,2,1,24000,1.0,0.16457043380670955,0.0,True,23.239707089150414,True,24.69880834193444,rain,True,15.947659694761095
SAR,scenario_3_a,3,2,24000,1.0,0.0,0.0,False,,False,,,False,
SAR,scenario_3_a,4,1,24000,1.0,0.16457043380670955,0.0,True,23.239707089150414,True,24.69880834193444,rain,True,15.947659694761095
SAR,scenario_3_a,5,2,24000,1.0,0.0,0.0,False,,False,,,False,
SAR,scenario_3_a,6,1,24000,1.0,0.16457043380670955,0.0,True,23.239707089150414,True,24.69880834193444,rain,True,15.947659694761095
SAR,scenario_3_a,7,3,24000,1.0291339404685285,0.0,0.0,True,18.286807809757608,True,27.014201884440787,wind,True,20.57526779391703
SAR,scenario_3_a,8,1,24000,1.0,0.16457043380670955,0.0,True,23.239707089150414,True,24.69880834193444,rain,True,15.947659694761095
SAR,scenario_3_b,0,1,24000,1.0,0.0,0.0,True,25.214030036883212,False,,,True,15.17524999336778
SAR,scenario_3_b,1,2,24000,1.0,-0.6989825560906633,0.0,True,25.155069132346608,True,25.149965619942666,rain,True,23.948562361715446
SAR,scenario_3_b,2,1,24000,1.0,0.0,0.0,True,25.214030036883212,False,,,True,15.17524999336778
SAR,scenario_3_b,3,2,24000,1.0,-0.6989825560906633,0.0,True,25.155069132346608,True,25.149965619942666,rain,True,23.948562361715446
SAR,scenario_3_b,4,1,24000,1.0,0.0,0.0,True,25.214030036883212,False,,,True,15.17524999336778
SAR,scenario_3_b,5,2,24000,1.0,-0.6989825560906633,0.0,True,25.155069132346608,True,25.149965619942666,rain,True,23.948562361715446
SAR,scenario_3_b,6,1,24000,1.0,0.0,0.0,True,25.214030036883212,False,,,True,15.17524999336778
SAR,scenario_3_b,7,3,24000,1.004222600975486,-0.6795300880735695,0.0,True,21.407498605626646,False,,,True,15.878973440669949
SAR,scenario_3_b,8,1,24000,1.0,0.0,0.0,True,25.214030036883212,False,,,True,15.17524999336778
SAR,scenario_3_c,0,1,24000,1.0,0.16790887989528702,0.0,True,26.215104115865856,False,,,True,19.428054236723348
SAR,scenario_3_c,1,2,24000,1.0,0.0,0.0,False,,False,,,False,
SAR,scenario_3_c,2,1,24000,1.0,0.16790887989528702,0.0,True,26.215104115865856,False,,,True,19.428054236723348
SAR,scenario_3_c,3,2,24000,1.0,0.0,0.0,False,,False,,,False,
SAR,scenario_3_c,4,1,24000,1.0,0.16790887989528702,0.0,True,26.215104115865856,False,,,True,19.428054236723348
SAR,scenario_3_c,5,2,24000,1.0,0.0,0.0,False,,False,,,False,
SAR,scenario_3_c,6,1,24000,1.0,0.16790887989528702,0.0,True,26.215104115865856,False,,,True,19.428054236723348
SAR,scenario_3_c,7,3,24000,1.0,0.0,0.0,True,15.173323071445065,False,,,False,
SAR,scenario_3_c,8,1,24000,1.0,0.16790887989528702,0.0,True,26.215104115865856,False,,,True,19.428054236723348
SAR,scenario_4_a,0,1,24000,1.0,1.2265523208972922,0.0,True,20.85344523790623,True,23.102149262914523,sea_waves,True,26.519905126427222
SAR,scenario_4_a,1,2,24000,1.0,0.867193965250598,-0.7040817696822226,True,20.103041583825448,True,20.854174848401062,wind,True,22.814983351643654
SAR,scenario_4_a,2,3,24000,1.0225239112387299,0.0,0.32776329143961735,True,25.88402093028595,False,,,True,16.277960935591707
SAR,scenario_4_a,3,2,24000,1.0,0.867193965250598,-0.7040817696822226,True,20.103041583825448,True,20.854174848401062,wind,True,22.814983351643654
SAR,scenario_4_a,4,3,24000,1.0225239112387299,0.0,0.32776329143961735,True,25.88402093028595,False,,,True,16.277960935591707
SAR,scenario_4_a,5,1,24000,1.0,1.2265523208972922,0.0,True,20.85344523790623,True,23.102149262914523,sea_waves,True,26.519905126427222
SAR,scenario_4_b,0,1,24000,1.0,0.0,0.0,True,22.508309309938486,True,16.940728879229972,rain,True,19.70108909989974
SAR,scenario_4_b,1,2,24000,1.0576907364536299,0.0,0.0,True,19.67832754603262,False,,,True,23.92738779586143
SAR,scenario_4_b,2,3,24000,1.0,0.0,0.0,True,22.598824995642932,False,,,True,21.052063560525404
SAR,scenario_4_b,3,2,24000,1.0576907364536299,0.0,0.0,True,19.67832754603262,False,,,True,23.92738779586143
SAR,scenario_4_b,4,3,24000,1.0,0.0,0.0,True,22.598824995642932,False,,,True,21.052063560525404
SAR,scenario_4_b,5,1,24000,1.0,0.0,0.0,True,22.508309309938486,True,16.940728879229972,rain,True,19.70108909989974
SAR,scenario_4_c,0,1,24000,1.0933173351300578,0.0,0.0,False,,True,29.503072864717424,sea_waves,True,15.436339177889918
SAR,scenario_4_c,1,2,24000,1.0245329696636556,0.0,0.0,False,,True,17.901318770973752,thunderstorm,True,20.046808336995603
SAR,scenario_4_c,2,3,24000,1.0,0.4312224569002421,0.622822441011794,False,,True,15.497368174863254,rain,True,18.359157511195864
SAR,scenario_4_c,3,2,24000,1.0245329696636556,0.0,0.0,False,,True,17.901318770973752,thunderstorm,True,20.046808336995603
SAR,scenario_4_c,4,3,24000,1.0,0.4312224569002421,0.622822441011794,False,,True,15.497368174863254,rain,True,18.359157511195864
SAR,scenario_4_c,5,1,24000,1.0933173351300578,0.0,0.0,False,,True,29.503072864717424,sea_waves,True,15.436339177889918
SAR,scenario_5_a,0,1,24000,0.9765357631456324,-0.4175466346842911,0.0,True,26.478226357084292,True,27.12712893693271,rain,False,
SAR,scenario_5_a,1,2,24000,1.0,0.0,0.44995008815666515,True,22.86327465748132,True,24.62524145361894,rain,True,28.162938955461854
SAR,scenario_5_a,2,3,24000,1.0,-1.1143561464965925,0.9351806462247854,False,,True,25.825660774101824,thunderstorm,True,17.65016866596019
SAR,scenario_5_a,3,1,24000,0.9765357631456324,-0.4175466346842911,0.0,True,26.478226357084292,True,27.12712893693271,rain,False,
SAR,scenario_5_a,4,3,24000,1.0,-1.1143561464965925,0.9351806462247854,False,,True,25.825660774101824,thunderstorm,True,17.65016866596019
SAR,scenario_5_a,5,2,24000,1.0,0.0,0.44995008815666515,True,22.86327465748132,True,24.62524145361894,rain,True,28.162938955461854
SAR,scenario_5_b,0,1,24000,1.0,-0.03206296379206419,0.0,True,22.813759330517712,True,16.536810625331405,rain,True,18.10652117161751
SAR,scenario_5_b,1,2,24000,1.0,-1.9574798277617091,0.0,False,,True,21.492892644892997,wind,False,
SAR,scenario_5_b,2,3,24000,1.0,0.0,0.0,True,29.222479938837786,False,,,False,
SAR,scenario_5_b,3,1,24000,1.0,-0.03206296379206419,0.0,True,22.813759330517712,True,16.536810625331405,rain,True,18.10652117161751
SAR,scenario_5_b,4,3,24000,1.0,0.0,0.0,True,29.222479938837786,False,,,False,
SAR,scenario_5_b,5,2,24000,1.0,-1.9574798277617091,0.0,False,,True,21.492892644892997,wind,False,
SAR,scenario_5_c,0,1,24000,1.0,0.0,0.0,True,29.1175821514952,True,19.94262307562881,sea_waves,True,18.550532556280498
SAR,scenario_5_c,1,2,24000,0.9846443827866477,0.0,0.0,True,18.927026771948626,False,,,True,25.128106936723803
SAR,scenario_5_c,2,3,24000,1.0,0.0,-0.8759939147861362,False,,True,21.69955053612284,sea_waves,False,
SAR,scenario_5_c,3,1,24000,1.0,0.0,0.0,True,29.1175821514952,True,19.94262307562881,sea_waves,True,18.550532556280498
SAR,scenario_5_c,4,3,24000,1.0,0.0,-0.8759939147861362,False,,True,21.69955053612284,sea_waves,False,
SAR,scenario_5_c,5,2,24000,0.9846443827866477,0.0,0.0,True,18.927026771948626,False,,,True,25.128106936723803
SAR,scenario_6_a,0,1,24000,1.0,0.0,0.4363945659858752,True,18.346012986187155,False,,,False,
SAR,scenario_6_a,1,2,24000,1.0,0.0,0.0,True,16.62040297345341,False,,,True,17.42645104295357
SAR,scenario_6_a,2,1,24000,1.0,0.0,0.4363945659858752,True,18.346012986187155,False,,,False,
SAR,scenario_6_a,3,2,24000,1.0,0.0,0.0,True,16.62040297345341,False,,,True,17.42645104295357
SAR,scenario_6_a,4,1,24000,1.0,0.0,0.4363945659858752,True,18.346012986187155,False,,,False,
SAR,scenario_6_a,5,2,24000,1.0,0.0,0.0,True,16.62040297345341,False,,,True,17.42645104295357
SAR,scenario_6_a,6,1,24000,1.0,0.0,0.4363945659858752,True,18.346012986187155,False,,,False,
SAR,scenario_6_a,7,3,24000,1.0,0.0,0.0,False,,False,,,True,24.99126902774595
SAR,scenario_6_a,8,1,24000,1.0,0.0,0.4363945659858752,True,18.346012986187155,False,,,False,
SAR,scenario_6_b,0,1,24000,1.0,0.0,0.0,False,,False,,,True,28.936926067895435
SAR,scenario_6_b,1,2,24000,1.0,0.0,0.0,False,,False,,,False,
SAR,scenario_6_b,2,1,24000,1.0,0.0,0.0,False,,False,,,True,28.936926067895435
SAR,scenario_6_b,3,2,24000,1.0,0.0,0.0,False,,False,,,False,
SAR,scenario_6_b,4,1,24000,1.0,0.0,0.0,False,,False,,,True,28.936926067895435
SAR,scenario_6_b,5,2,24000,1.0,0.0,0.0,False,,False,,,False,
SAR,scenario_6_b,6,1,24000,1.0,0.0,0.0,False,,False,,,True,28.936926067895435
SAR,scenario_6_b,7,3,24000,1.0,0.0,0.0,True,19.740943472667738,True,17.85542029340936,wind,True,20.475370927535554
SAR,scenario_6_b,8,1,24000,1.0,0.0,0.0,False,,False,,,True,28.936926067895435
SAR,scenario_6_c,0,1,24000,1.0,1.5574579648909834,0.0,True,24.032372464990736,False,,,True,15.64740561534171
SAR,scenario_6_c,1,2,24000,1.0,0.0,0.0,False,,False,,,True,26.814538360344265
SAR,scenario_6_c,2,1,24000,1.0,1.5574579648909834,0.0,True,24.032372464990736,False,,,True,15.64740561534171
SAR,scenario_6_c,3,2,24000,1.0,0.0,0.0,False,,False,,,True,26.814538360344265
SAR,scenario_6_c,4,1,24000,1.0,1.5574579648909834,0.0,True,24.032372464990736,False,,,True,15.64740561534171
SAR,scenario_6_c,5,2,24000,1.0,0.0,0.0,False,,False,,,True,26.814538360344265
SAR,scenario_6_c,6,1,24000,1.0,1.5574579648909834,0.0,True,24.032372464990736,False,,,True,15.64740561534171
SAR,scenario_6_c,7,3,24000,1.0,0.0,0.0,True,16.706045663315418,False,,,True,27.817404456189273
SAR,scenario_6_c,8,1,24000,1.0,1.5574579648909834,0.0,True,24.032372464990736,False,,,True,15.64740561534171
SAR,scenario_7_a,0,1,24000,1.0,0.0,0.0,True,23.589450801799117,True,28.84108114010204,engine,True,19.088790967988498
SAR,scenario_7_a,1,2,24000,1.0,0.0,0.0,True,19.814392761528925,False,,,False,
SAR,scenario_7_a,2,1,24000,1.0,0.0,0.0,True,23.589450801799117,True,28.84108114010204,engine,True,19.088790967988498
SAR,scenario_7_a,3,2,24000,1.0,0.0,0.0,True,19.814392761528925,False,,,False,
SAR,scenario_7_a,4,3,24000,0.9340913968763618,0.0,-0.32409221828937507,True,15.624077272278747,False,,,True,24.966863486543417
SAR,scenario_7_a,5,4,24000,1.0,1.2119755537515204,0.0,True,23.773444987399913,True,16.539660578639417,rain,True,23.556433906729907
SAR,scenario_7_b,0,1,24000,1.0,0.0,0.0,True,23.136938491487,True,16.86936381242718,engine,True,21.85593197721041
SAR,scenario_7_b,1,2,24000,1.0,0.0,0.0,False,,True,23.147164871995038,engine,False,
SAR,scenario_7_b,2,1,24000,1.0,0.0,0.0,True,23.136938491487,True,16.86936381242718,engine,True,21.85593197721041
SAR,scenario_7_b,3,2,24000,1.0,0.0,0.0,False,,True,23.147164871995038,engine,False,
SAR,scenario_7_b,4,3,24000,1.0,0.0,0.0,True,27.064903822685693,True,17.742703046529805,thunderstorm,True,28.280441060445995
SAR,scenario_7_b,5,4,24000,1.0668398521235882,0.0,0.0,True,29.756983340262664,False,,,True,24.76070253659826
SAR,scenario_7_c,0,1,24000,1.0,0.0,0.0,True,26.885529523299265,True,21.84102923175895,thunderstorm,True,25.565240751004787
SAR,scenario_7_c,1,2,24000,1.0,0.7550580607172028,0.49531767821310946,False,,True,21.160815227540308,engine,True,16.608819775937988
SAR,scenario_7_c,2,1,24000,1.0,0.0,0.0,True,26.885529523299265,True,21.84102923175895,thunderstorm,True,25.565240751004787
SAR,scenario_7_c,3,2,24000,1.0,0.7550580607172028,0.49531767821310946,False,,True,21.160815227540308,engine,True,16.608819775937988
SAR,scenario_7_c,4,3,24000,1.0,0.0,0.0,True,15.667985841146393,True,19.568273135550626,sea_waves,True,15.356035144326093
SAR,scenario_7_c,5,4,24000,1.0,-1.8264492031527024,0.0,False,,False,,,True,20.926474258520933
SAR,scenario_8_a,0,1,24000,1.0,0.0,0.0,False,,True,22.141814761111505,sea_waves,True,20.56597998717072
SAR,scenario_8_a,1,2,24000,1.0,-1.5461231309607348,0.0,True,29.427605976292565,False,,,True,19.675476297130544
SAR,scenario_8_a,2,3,24000,0.9628026840797662,0.0,0.0,True,26.083223313271347,False,,,True,20.326732232855985
SAR,scenario_8_a,3,4,24000,1.0,0.0,0.0,True,21.8329782910227,True,15.137232757236822,rain,True,26.53542746857889
SAR,scenario_8_a,4,2,24000,1.0,-1.5461231309607348,0.0,True,29.427605976292565,False,,,True,19.675476297130544
SAR,scenario_8_b,0,1,24000,1.0,0.0,0.0,True,18.845505595287595,False,,,True,26.32144032572839
SAR,scenario_8_b,1,2,24000,1.0,0.0,-0.8325243172932928,True,25.340096285077422,False,,,True,26.807123771834945
SAR,scenario_8_b,2,3,24000,1.0,0.0,0.0,True,28.802357006927522,True,15.41651949798846,engine,True,16.5369112694092
SAR,scenario_8_b,3,4,24000,1.0,0.0,0.0,True,19.66624531188622,False,,,True,25.526647465520107
SAR,scenario_8_b,4,2,24000,1.0,0.0,-0.8325243172932928,True,25.340096285077422,False,,,True,26.807123771834945
SAR,scenario_8_c,0,1,24000,1.0,0.0,-0.9825817736009941,True,22.66551184549128,True,23.19505048182498,engine,True,26.125733666672815
SAR,scenario_8_c,1,2,24000,1.0,0.0,0.26446637128551465,True,21.605403225533617,True,20.40853407253647,engine,False,
SAR,scenario_8_c,2,3,24000,1.0,0.0,0.0,True,23.59810892762477,True,21.410696032360796,sea_waves,False,
SAR,scenario_8_c,3,4,24000,1.0,0.0,-0.5428364406120367,False,,False,,,True,15.355026926256873
SAR,scenario_8_c,4,2,24000,1.0,0.0,0.26446637128551465,True,21.605403225533617,True,20.40853407253647,engine,False,
SAR,scenario_9_a,0,1,24000,0.9023839013844034,0.0,0.0,False,,True,28.410507138226034,engine,True,29.30638991259095
SAR,scenario_9_a,1,2,24000,0.9465877644227038,0.0,0.0,True,24.184511580653588,False,,,False,
SAR,scenario_9_a,2,1,24000,0.9023839013844034,0.0,0.0,False,,True,28.410507138226034,engine,True,29.30638991259095
SAR,scenario_9_a,3,3,24000,1.0,0.0,-0.6653001428155276,True,23.26197484796213,False,,,False,
SAR,scenario_9_a,4,1,24000,0.9023839013844034,0.0,0.0,False,,True,28.410507138226034,engine,True,29.30638991259095
SAR,scenario_9_a,5,2,24000,0.9465877644227038,0.0,0.0,True,24.184511580653588,False,,,False,
SAR,scenario_9_a,6,1,24000,0.9023839013844034,0.0,0.0,False,,True,28.410507138226034,engine,True,29.30638991259095
SAR,scenario_9_b,0,1,24000,1.0,0.0,0.0,True,16.08718905229292,True,18.191416659818728,rain,False,
SAR,scenario_9_b,1,2,24000,1.0,0.0,-0.1357810065159939,True,17.093426558023502,True,26.66151288231545,engine,False,
SAR,scenario_9_b,2,1,24000,1.0,0.0,0.0,True,16.08718905229292,True,18.191416659818728,rain,False,
SAR,scenario_9_b,3,3,24000,1.082043050193097,0.547490281035373,0.0,True,22.733741364238107,True,19.004513876497647,rain,False,
SAR,scenario_9_b,4,1,24000,1.0,0.0,0.0,True,16.08718905229292,True,18.191416659818728,rain,False,
SAR,scenario_9_b,5,2,24000,1.0,0.0,-0.1357810065159939,True,17.093426558023502,True,26.66151288231545,engine,False,
SAR,scenario_9_b,6,1,24000,1.0,0.0,0.0,True,16.08718905229292,True,18.191416659818728,rain,False,
SAR,scenario_9_c,0,1,24000,1.0,0.0,0.0,True,21.265346394634573,False,,,True,16.267784523808555
SAR,scenario_9_c,1,2,24000,1.0,0.0,0.0,True,15.930345798378973,False,,,True,22.426618620293556
SAR,scenario_9_c,2,1,24000,1.0,0.0,0.0,True,21.265346394634573,False,,,True,16.267784523808555
SAR,scenario_9_c,3,3,24000,1.0,0.0,0.0,True,20.154042103307663,True,24.12919179992293,thunderstorm,False,
SAR,scenario_9_c,4,1,24000,1.0,0.0,0.0,True,21.265346394634573,False,,,True,16.267784523808555
SAR,scenario_9_c,5,2,24000,1.0,0.0,0.0,True,15.930345798378973,False,,,True,22.426618620293556
SAR,scenario_9_c,6,1,24000,1.0,0.0,0.0,True,21.265346394634573,False,,,True,16.267784523808555
Safety,scenario_10_a,0,1,24000,1.0,-0.8939389880152495,0.28640999636822917,True,27.826904944550268,False,,,False,
Safety,scenario_10_a,1,2,24000,1.0,-0.9400071719339564,0.8557454614003721,True,28.609480442822246,True,16.4428890499407,thunderstorm,True,18.534144499638494
Safety,scenario_10_a,2,1,24000,1.0,-0.8939389880152495,0.28640999636822917,True,27.826904944550268,False,,,False,
Safety,scenario_10_a,3,2,24000,1.0,-0.9400071719339564,0.8557454614003721,True,28.609480442822246,True,16.4428890499407,thunderstorm,True,18.534144499638494
Safety,scenario_10_a,4,1,24000,1.0,-0.8939389880152495,0.28640999636822917,True,27.826904944550268,False,,,False,
Safety,scenario_10_a,5,3,24000,1.0,0.0,-0.6792638339288728,False,,False,,,True,16.393570667454888
Safety,scenario_10_b,0,1,24000,1.0,0.0,0.0,False,,False,,,True,20.54514187032679
Safety,scenario_10_b,1,2,24000,1.0,0.0,0.0,False,,True,20.496763487334395,thunderstorm,False,
Safety,scenario_10_b,2,1,24000,1.0,0.0,0.0,False,,False,,,True,20.54514187032679
Safety,scenario_10_b,3,2,24000,1.0,0.0,0.0,False,,True,20.496763487334395,thunderstorm,False,
Safety,scenario_10_b,4,1,24000,1.0,0.0,0.0,False,,False,,,True,20.54514187032679
Safety,scenario_10_b,5,3,24000,1.0953979886148895,0.0,0.0,True,20.659286969255604,True,18.329715329940946,sea_waves,False,
Safety,scenario_10_c,0,1,24000,1.0,0.0,-0.5099047924279085,False,,False,,,False,
Safety,scenario_10_c,1,2,24000,1.0,0.0,0.0,True,27.20633252138989,True,26.193146950001278,wind,True,29.33593349205799
Safety,scenario_10_c,2,1,24000,1.0,0.0,-0.5099047924279085,False,,False,,,False,
Safety,scenario_10_c,3,2,24000,1.0,0.0,0.0,True,27.20633252138989,True,26.193146950001278,wind,True,29.33593349205799
Safety,scenario_10_c,4,1,24000,1.0,0.0,-0.5099047924279085,False,,False,,,False,
Safety,scenario_10_c,5,3,24000,1.0546566522963337,0.0,0.0,False,,False,,,True,25.487343706827964
Safety,scenario_1_a,0,1,24000,1.0246489140948882,0.0,0.0,True,28.043551990238875,False,,,True,24.406492007530822
Safety,scenario_1_a,1,2,24000,0.9934644901216023,0.0,0.0,True,26.17669055779708,True,22.411611565906544,engine,True,26.23949945987662
Safety,scenario_1_a,2,1,24000,1.0246489140948882,0.0,0.0,True,28.043551990238875,False,,,True,24.406492007530822
Safety,scenario_1_a,3,2,24000,0.9934644901216023,0.0,0.0,True,26.17669055779708,True,22.411611565906544,engine,True,26.23949945987662
Safety,scenario_1_a,4,1,24000,1.0246489140948882,0.0,0.0,True,28.043551990238875,False,,,True,24.406492007530822
Safety,scenario_1_a,5,3,24000,1.0,0.0,-0.9170851796682218,True,25.116121001809507,False,,,False,
Safety,scenario_1_b,0,1,24000,1.0993588727013224,0.0,0.0,False,,False,,,True,25.428039103983018
Safety,scenario_1_b,1,2,24000,1.0,0.0,0.0,False,,False,,,True,22.572023668211955
Safety,scenario_1_b,2,1,24000,1.0993588727013224,0.0,0.0,False,,False,,,True,25.428039103983018
Safety,scenario_1_b,3,2,24000,1.0,0.0,0.0,False,,False,,,True,22.572023668211955
Safety,scenario_1_b,4,1,24000,1.0993588727013224,0.0,0.0,False,,False,,,True,25.428039103983018
Safety,scenario_1_b,5,3,24000,1.0,0.0,0.0,True,19.357357390301154,True,16.57879354065529,sea_waves,True,28.341128555223
Safety,scenario_1_c,0,1,24000,1.0,0.0,0.0,False,,True,27.14281564048261,thunderstorm,True,29.723583267316567
Safety,scenario_1_c,1,2,24000,1.0,-0.0863965888299747,0.0,False,,True,19.628077693908075,thunderstorm,True,29.816790463548532
Safety,scenario_1_c,2,1,24000,1.0,0.0,0.0,False,,True,27.14281564048261,thunderstorm,True,29.723583267316567
Safety,scenario_1_c,3,2,24000,1.0,-0.0863965888299747,0.0,False,,True,19.628077693908075,thunderstorm,True,29.816790463548532
Safety,scenario_1_c,4,1,24000,1.0,0.0,0.0,False,,True,27.14281564048261,thunderstorm,True,29.723583267316567
Safety,scenario_1_c,5,3,24000,1.0,0.0,0.0,True,24.61968580648029,False,,,True,21.653671462224626
Safety,scenario_2_a,0,1,24000,0.9621602950073187,0.0,0.0,True,26.77582317560789,False,,,True,19.40091793174505
Safety,scenario_2_a,1,2,24000,1.0,0.0,0.0,True,17.320645711972343,True,29.147512204679597,thunderstorm,False,
Safety,scenario_2_a,2,1,24000,0.9621602950073187,0.0,0.0,True,26.77582317560789,False,,,True,19.40091793174505
Safety,scenario_2_a,3,3,24000,1.0,1.9727619946514467,0.0,True,20.626740944247636,True,24.225405188387658,sea_waves,True,19.684393793065958
Safety,scenario_2_b,0,1,24000,1.0,0.01841356799608196,0.0,True,24.751575250330774,True,27.065104529077445,wind,True,24.974554313056284
Safety,scenario_2_b,1,2,24000,1.0,0.0,0.0,False,,True,16.662401252990282,rain,True,27.913009341337876
Safety,scenario_2_b,2,1,24000,1.0,0.01841356799608196,0.0,True,24.751575250330774,True,27.065104529077445,wind,True,24.974554313056284
Safety,scenario_2_b,3,3,24000,1.0,0.0,0.0,True,24.913538076260288,True,21.80417533024194,sea_waves,True,23.746984483511028
Safety,scenario_2_c,0,1,24000,1.0,0.0,0.7460447871120424,False,,False,,,True,20.635213013237156
Safety,scenario_2_c,1,2,24000,1.0,0.7647691759344166,0.0,True,25.666280913999522,False,,,True,19.047745730845644
Safety,scenario_2_c,2,1,24000,1.0,0.0,0.7460447871120424,False,,False,,,True,20.635213013237156
Safety,scenario_2_c,3,3,24000,1.0,-0.9964632866581629,0.0,True,20.55743742513473,True,16.74850656058102,thunderstorm,False,
Safety,scenario_3_a,0,1,24000,1.0,-1.3518546672266538,0.0,True,20.830217551891153,False,,,False,
Safety,scenario_3_a,1,2,24000,1.0,1.3019813448908781,0.0,True,24.773783909191856,False,,,True,20.188477660665907
Safety,scenario_3_a,2,1,24000,1.0,-1.3518546672266538,0.0,True,20.830217551891153,False,,,False,
Safety,scenario_3_a,3,3,24000,1.0686137026984506,0.0,0.0,True,22.58363671595564,False,,,False,
Safety,scenario_3_b,0,1,24000,1.0,0.0,-0.59789691899452,True,15.738725481606135,True,24.018261985266136,wind,False,
Safety,scenario_3_b,1,2,24000,0.9805616699178893,0.0,0.5793727497318231,True,26.593028090672604,True,27.738228908291052,thunderstorm,True,26.93224775140853
Safety,scenario_3_b,2,1,24000,1.0,0.0,-0.59789691899452,True,15.738725481606135,True,24.018261985266136,wind,False,
Safety,scenario_3_b,3,3,24000,1.0704914372335088,0.0,0.0,True,27.504836485771943,False,,,False,
Safety,scenario_3_c,0,1,24000,1.0,0.0,0.0,False,,False,,,True,15.228975145930326
Safety,scenario_3_c,1,2,24000,1.0,0.0,0.0,False,,True,21.64313079758269,wind,False,
Safety,scenario_3_c,2,1,24000,1.0,0.0,0.0,False,,False,,,True,15.228975145930326
Safety,scenario_3_c,3,3,24000,0.9321655978717146,-1.6219216246426575,0.0,False,,True,16.916698327239967,engine,True,22.430067633541867
Safety,scenario_4_a,0,1,24000,1.0147474998775532,0.0,0.0,True,16.609687906620323,False,,,False,
Safety,scenario_4_a,1,2,24000,1.0,0.0,-0.4123862808040959,True,15.945800635109645,True,21.72721094877805,engine,True,27.30652689072794
Safety,scenario_4_a,2,1,24000,1.0147474998775532,0.0,0.0,True,16.609687906620323,False,,,False,
Safety,scenario_4_a,3,2,24000,1.0,0.0,-0.4123862808040959,True,15.945800635109645,True,21.72721094877805,engine,True,27.30652689072794
Safety,scenario_4_a,4,3,24000,0.931217097536722,0.0,0.0,True,19.0472409539107,True,26.286022727356826,sea_waves,True,25.193633307065138
Safety,scenario_4_b,0,1,24000,1.0,0.0,0.850983561620499,False,,True,22.144848580638474,rain,True,18.483351827797975
Safety,scenario_4_b,1,2,24000,1.0,0.0,0.0,True,18.09853119150836,False,,,True,19.50979969915017
Safety,scenario_4_b,2,1,24000,1.0,0.0,0.850983561620499,False,,True,22.144848580638474,rain,True,18.483351827797975
Safety,scenario_4_b,3,2,24000,1.0,0.0,0.0,True,18.09853119150836,False,,,True,19.50979969915017
Safety,scenario_4_b,4,3,24000,1.0588371138464283,0.0,0.0,True,22.656430537291,False,,,False,
Safety,scenario_4_c,0,1,24000,1.0,0.0,0.3354758516365972,False,,True,23.69357941448586,sea_waves,False,
Safety,scenario_4_c,1,2,24000,0.9876507898965499,0.7203334130004504,0.0,False,,True,23.64929674230499,engine,False,
Safety,scenario_4_c,2,1,24000,1.0,0.0,0.3354758516365972,False,,True,23.69357941448586,sea_waves,False,
Safety,scenario_4_c,3,2,24000,0.9876507898965499,0.7203334130004504,0.0,False,,True,23.64929674230499,engine,False,
Safety,scenario_4_c,4,3,24000,1.0,0.0,0.0,True,25.966715028408426,False,,,True,26.09659593475882
Safety,scenario_5_a,0,1,24000,1.0,0.0,0.0,False,,False,,,True,26.138036689264013
Safety,scenario_5_a,1,2,24000,0.9244117625051975,0.0,0.0,True,20.352476193249338,False,,,True,23.443601569433902
Safety,scenario_5_a,2,1,24000,1.0,0.0,0.0,False,,False,,,True,26.138036689264013
Safety,scenario_5_a,3,3,24000,1.0,0.0,0.0,True,24.005311287652688,False,,,False,
Safety,scenario_5_b,0,1,24000,1.0,0.0,0.0,True,23.86174641350465,True,27.182073781678874,thunderstorm,True,15.85839190564478
Safety,scenario_5_b,1,2,24000,1.042005046093762,0.0,0.0,False,,False,,,False,
Safety,scenario_5_b,2,1,24000,1.0,0.0,0.0,True,23.86174641350465,True,27.182073781678874,thunderstorm,True,15.85839190564478
Safety,scenario_5_b,3,3,24000,1.0836062333443146,0.0,0.0,True,18.255426436637272,False,,,True,21.005742639662365
Safety,scenario_5_c,0,1,24000,0.9620060270497113,0.0,0.0,False,,False,,,False,
Safety,scenario_5_c,1,2,24000,1.0,1.2414319845886634,0.0,True,19.70657100111037,False,,,True,18.21865495648574
Safety,scenario_5_c,2,1,24000,0.9620060270497113,0.0,0.0,False,,False,,,False,
Safety,scenario_5_c,3,3,24000,1.0,0.30980819330464104,0.0,True,21.065018850471787,False,,,True,25.785640630389203
Safety,scenario_6_a,0,1,24000,1.0,0.0,0.12363220011148668,True,26.237372136715344,True,28.858965509325177,sea_waves,True,18.87934684696302
Safety,scenario_6_a,1,2,24000,1.0,0.0,0.0,False,,False,,,True,24.713391145387334
Safety,scenario_6_a,2,1,24000,1.0,0.0,0.12363220011148668,True,26.237372136715344,True,28.858965509325177,sea_waves,True,18.87934684696302
Safety,scenario_6_a,3,2,24000,1.0,0.0,0.0,False,,False,,,True,24.713391145387334
Safety,scenario_6_a,4,1,24000,1.0,0.0,0.12363220011148668,True,26.237372136715344,True,28.858965509325177,sea_waves,True,18.87934684696302
Safety,scenario_6_a,5,3,24000,1.0730274947510154,1.0832068226341898,0.6278819994958207,True,21.53140284932534,False,,,True,15.063819176441637
Safety,scenario_6_b,0,1,24000,1.0,0.0,0.0,False,,False,,,True,23.43193770183001
Safety,scenario_6_b,1,2,24000,1.0,0.0,0.0,True,20.44847411016631,False,,,True,28.16241966794973
Safety,scenario_6_b,2,1,24000,1.0,0.0,0.0,False,,False,,,True,23.43193770183001
Safety,scenario_6_b,3,2,24000,1.0,0.0,0.0,True,20.44847411016631,False,,,True,28.16241966794973
Safety,scenario_6_b,4,1,24000,1.0,0.0,0.0,False,,False,,,True,23.43193770183001
Safety,scenario_6_b,5,3,24000,1.0,0.0,0.40331067763032213,True,15.330605718088336,True,16.12629512258954,thunderstorm,False,
Safety,scenario_6_c,0,1,24000,1.0,-1.3113472941877595,0.157449739406041,True,16.185524283795846,False,,,True,20.541662918469275
Safety,scenario_6_c,1,2,24000,1.0,0.0,0.44822001019779556,False,,False,,,True,28.31531257892216
Safety,scenario_6_c,2,1,24000,1.0,-1.3113472941877595,0.157449739406041,True,16.185524283795846,False,,,True,20.541662918469275
Safety,scenario_6_c,3,2,24000,1.0,0.0,0.44822001019779556,False,,False,,,True,28.31531257892216
Safety,scenario_6_c,4,1,24000,1.0,-1.3113472941877595,0.157449739406041,True,16.185524283795846,False,,,True,20.541662918469275
Safety,scenario_6_c,5,3,24000,1.0,0.0,0.0,True,27.584092614338367,True,24.319273427861567,sea_waves,True,18.254435306744195
Safety,scenario_7_a,0,1,24000,1.0,-0.9452892205670858,0.0,False,,True,17.721871114073842,engine,True,20.43167961156755
Safety,scenario_7_a,1,2,24000,1.0,0.0,0.0,True,26.57787262206292,True,22.54452855791103,wind,True,21.706109242828532
Safety,scenario_7_a,2,1,24000,1.0,-0.9452892205670858,0.0,False,,True,17.721871114073842,engine,True,20.43167961156755
Safety,scenario_7_a,3,2,24000,1.0,0.0,0.0,True,26.57787262206292,True,22.54452855791103,wind,True,21.706109242828532
Safety,scenario_7_a,4,1,24000,1.0,-0.9452892205670858,0.0,False,,True,17.721871114073842,engine,True,20.43167961156755
Safety,scenario_7_a,5,3,24000,0.953033817754928,0.0,0.0,True,19.093458446483304,False,,,True,25.1008116714441
Safety,scenario_7_b,0,1,24000,1.0,0.0,0.0,True,24.416273070386943,False,,,True,26.827319943860438
Safety,scenario_7_b,1,2,24000,0.9696529682832485,1.7209409770048176,0.0,True,17.166119465631677,True,21.682339168449513,wind,True,20.696373636605617
Safety,scenario_7_b,2,1,24000,1.0,0.0,0.0,True,24.416273070386943,False,,,True,26.827319943860438
Safety,scenario_7_b,3,2,24000,0.9696529682832485,1.7209409770048176,0.0,True,17.166119465631677,True,21.682339168449513,wind,True,20.696373636605617
Safety,scenario_7_b,4,1,24000,1.0,0.0,0.0,True,24.416273070386943,False,,,True,26.827319943860438
Safety,scenario_7_b,5,3,24000,1.0,0.0,0.6441847524163129,True,24.852867960254756,False,,,True,25.43121343389619
Safety,scenario_7_c,0,1,24000,1.0567669744296349,-1.4086308316308864,0.0,True,28.925794760450376,False,,,True,17.155793816950304
Safety,scenario_7_c,1,2,24000,1.0,0.20251211372583056,0.0,True,23.194963602250557,False,,,True,21.04681935981302
Safety,scenario_7_c,2,1,24000,1.0567669744296349,-1.4086308316308864,0.0,True,28.925794760450376,False,,,True,17.155793816950304
Safety,scenario_7_c,3,2,24000,1.0,0.20251211372583056,0.0,True,23.194963602250557,False,,,True,21.04681935981302
Safety,scenario_7_c,4,1,24000,1.0567669744296349,-1.4086308316308864,0.0,True,28.925794760450376,False,,,True,17.155793816950304
Safety,scenario_7_c,5,3,24000,1.0,0.0,0.5995781664810786,True,29.387846171384044,True,24.013902909983607,engine,True,28.782284755461742
Safety,scenario_8_a,0,1,24000,0.9374798205703135,0.0,0.0,True,19.855310237690183,True,20.260199651804427,rain,True,18.451720965629523
Safety,scenario_8_a,1,2,24000,1.0,0.0,0.0,True,27.31738335475162,False,,,True,20.939271412514028
Safety,scenario_8_a,2,1,24000,0.9374798205703135,0.0,0.0,True,19.855310237690183,True,20.260199651804427,rain,True,18.451720965629523
Safety,scenario_8_a,3,3,24000,1.0,0.0,0.0,False,,False,,,True,15.258265986563254
Safety,scenario_8_b,0,1,24000,1.0,0.0,0.0,False,,False,,,False,
Safety,scenario_8_b,1,2,24000,0.9776253261380038,-0.2003906434360898,0.8624682900780627,True,22.810401313402107,True,23.537435406158195,sea_waves,False,
Safety,scenario_8_b,2,1,24000,1.0,0.0,0.0,False,,False,,,False,
Safety,scenario_8_b,3,3,24000,1.0,0.0,0.0,True,19.77677128576955,False,,,True,28.325053949868515
Safety,scenario_8_c,0,1,24000,1.0,0.0,0.0,True,20.684626513769174,False,,,True,26.497901120841306
Safety,scenario_8_c,1,2,24000,1.0,0.0,0.0,True,20.76640475282472,False,,,True,18.62994190290945
Safety,scenario_8_c,2,1,24000,1.0,0.0,0.0,True,20.684626513769174,False,,,True,26.497901120841306
Safety,scenario_8_c,3,3,24000,0.9632355229623464,0.0,0.0,True,21.562951846152135,False,,,True,21.71725655467325
Safety,scenario_9_a,0,1,24000,1.0,0.0,0.0,True,20.457899388349592,False,,,True,24.713436943174724
Safety,scenario_9_a,1,2,24000,1.0,0.0,0.0,True,21.21131152717848,False,,,True,20.536657898532386
Safety,scenario_9_a,2,1,24000,1.0,0.0,0.0,True,20.457899388349592,False,,,True,24.713436943174724
Safety,scenario_9_a,3,2,24000,1.0,0.0,0.0,True,21.21131152717848,False,,,True,20.536657898532386
Safety,scenario_9_a,4,1,24000,1.0,0.0,0.0,True,20.457899388349592,False,,,True,24.713436943174724
Safety,scenario_9_a,5,3,24000,1.0,0.0,0.0,True,19.41334008241853,False,,,False,
Safety,scenario_9_b,0,1,24000,1.0,0.0,0.0,True,18.649885911763505,True,23.318672293490366,wind,True,17.841173954275128
Safety,scenario_9_b,1,2,24000,1.0,0.0,0.0,True,28.636328625781154,True,18.901360721415234,sea_waves,True,19.76281280589871
Safety,scenario_9_b,2,1,24000,1.0,0.0,0.0,True,18.649885911763505,True,23.318672293490366,wind,True,17.841173954275128
Safety,scenario_9_b,3,2,24000,1.0,0.0,0.0,True,28.636328625781154,True,18.901360721415234,sea_waves,True,19.76281280589871
Safety,scenario_9_b,4,1,24000,1.0,0.0,0.0,True,18.649885911763505,True,23.318672293490366,wind,True,17.841173954275128
Safety,scenario_9_b,5,3,24000,1.0,0.0,0.0,False,,True,27.37987164330106,thunderstorm,False,
Safety,scenario_9_c,0,1,24000,1.0,0.0,0.0,True,20.517420875837026,True,22.587899178676874,sea_waves,True,19.669291305654596
Safety,scenario_9_c,1,2,24000,1.0749007131780444,0.0,0.0,True,15.813174664796785,True,26.843161040337073,sea_waves,True,28.182204933218998
Safety,scenario_9_c,2,1,24000,1.0,0.0,0.0,True,20.517420875837026,True,22.587899178676874,sea_waves,True,19.669291305654596
Safety,scenario_9_c,3,2,24000,1.0749007131780444,0.0,0.0,True,15.813174664796785,True,26.843161040337073,sea_waves,True,28.182204933218998
Safety,scenario_9_c,4,1,24000,1.0,0.0,0.0,True,20.517420875837026,True,22.587899178676874,sea_waves,True,19.669291305654596
Safety,scenario_9_c,5,3,24000,1.0,-0.6514759602653095,0.4267088546751452,False,,False,,,True,27.538999076172875
Sinking,scenario_10_a,0,1,24000,1.0,0.0,0.0,True,15.008193218975498,True,19.817646851047726,engine,False,
Sinking,scenario_10_a,1,2,24000,1.0,0.0,0.0,False,,True,15.444201745561136,sea_waves,True,19.76851472297258
Sinking,scenario_10_a,2,1,24000,1.0,0.0,0.0,True,15.008193218975498,True,19.817646851047726,engine,False,
Sinking,scenario_10_a,3,3,24000,1.0,0.0,0.0,True,26.94891718170428,True,18.925672777034123,rain,True,22.77779144868559
Sinking,scenario_10_a,4,1,24000,1.0,0.0,0.0,True,15.008193218975498,True,19.817646851047726,engine,False,
Sinking,scenario_10_a,5,2,24000,1.0,0.0,0.0,False,,True,15.444201745561136,sea_waves,True,19.76851472297258
Sinking,scenario_10_a,6,3,24000,1.0,0.0,0.0,True,26.94891718170428,True,18.925672777034123,rain,True,22.77779144868559
Sinking,scenario_10_b,0,1,24000,1.0,0.0,0.7575277031413237,True,17.57866817951427,True,16.42273900177911,thunderstorm,True,27.927535578914934
Sinking,scenario_10_b,1,2,24000,1.0,0.0,0.9111418885187923,True,22.29068582859291,True,27.368460113942383,thunderstorm,True,18.21284378160945
Sinking,scenario_10_b,2,1,24000,1.0,0.0,0.7575277031413237,True,17.57866817951427,True,16.42273900177911,thunderstorm,True,27.927535578914934
Sinking,scenario_10_b,3,3,24000,1.0,0.0,0.0,True,19.430750981502896,False,,,True,21.90498362313634
Sinking,scenario_10_b,4,1,24000,1.0,0.0,0.7575277031413237,True,17.57866817951427,True,16.42273900177911,thunderstorm,True,27.927535578914934
Sinking,scenario_10_b,5,2,24000,1.0,0.0,0.9111418885187923,True,22.29068582859291,True,27.368460113942383,thunderstorm,True,18.21284378160945
Sinking,scenario_10_b,6,3,24000,1.0,0.0,0.0,True,19.430750981502896,False,,,True,21.90498362313634
Sinking,scenario_10_c,0,1,24000,1.0,0.0,-0.7513622823498449,True,23.331090712300576,True,26.190476778783864,wind,True,19.830168380360185
Sinking,scenario_10_c,1,2,24000,1.0,0.0,0.0,True,24.93751652890124,True,28.581321563526387,engine,True,23.596061109241145
Sinking,scenario_10_c,2,1,24000,1.0,0.0,-0.7513622823498449,True,23.331090712300576,True,26.190476778783864,wind,True,19.830168380360185
Sinking,scenario_10_c,3,3,24000,1.0,0.0,0.0,False,,False,,,False,
Sinking,scenario_10_c,4,1,24000,1.0,0.0,-0.7513622823498449,True,23.331090712300576,True,26.190476778783864,wind,True,19.830168380360185
Sinking,scenario_10_c,5,2,24000,1.0,0.0,0.0,True,24.93751652890124,True,28.581321563526387,engine,True,23.596061109241145
Sinking,scenario_10_c,6,3,24000,1.0,0.0,0.0,False,,False,,,False,
Sinking,scenario_1_a,0,1,24000,1.0,0.0,0.0,True,19.230809546283247,False,,,True,17.12953670244784
Sinking,scenario_1_a,1,2,24000,1.0880166560732338,0.0,0.0,False,,False,,,True,24.479303445611627
Sinking,scenario_1_a,2,1,24000,1.0,0.0,0.0,True,19.230809546283247,False,,,True,17.12953670244784
Sinking,scenario_1_a,3,3,24000,1.0,0.0,0.0,True,17.356782829143892,False,,,True,19.869221670083665
Sinking,scenario_1_a,4,1,24000,1.0,0.0,0.0,True,19.230809546283247,False,,,True,17.12953670244784
Sinking,scenario_1_a,5,2,24000,1.0880166560732338,0.0,0.0,False,,False,,,True,24.479303445611627
Sinking,scenario_1_a,6,1,24000,1.0,0.0,0.0,True,19.230809546283247,False,,,True,17.12953670244784
Sinking,scenario_1_a,7,3,24000,1.0,0.0,0.0,True,17.356782829143892,False,,,True,19.869221670083665
Sinking,scenario_1_b,0,1,24000,1.0,0.0,0.0,True,26.00595937708197,True,25.60162321055544,wind,False,
Sinking,scenario_1_b,1,2,24000,1.0,0.0,0.8089371736388506,True,27.059641218352944,True,20.405380954539396,rain,True,22.22918994014977
Sinking,scenario_1_b,2,1,24000,1.0,0.0,0.0,True,26.00595937708197,True,25.60162321055544,wind,False,
Sinking,scenario_1_b,3,3,24000,1.0,0.0,0.0,True,16.46503592493393,True,20.690021627330097,rain,True,20.28687289814948
Sinking,scenario_1_b,4,1,24000,1.0,0.0,0.0,True,26.00595937708197,True,25.60162321055544,wind,False,
Sinking,scenario_1_b,5,2,24000,1.0,0.0,0.8089371736388506,True,27.059641218352944,True,20.405380954539396,rain,True,22.22918994014977
Sinking,scenario_1_b,6,1,24000,1.0,0.0,0.0,True,26.00595937708197,True,25.60162321055544,wind,False,
Sinking,scenario_1_b,7,3,24000,1.0,0.0,0.0,True,16.46503592493393,True,20.690021627330097,rain,True,20.28687289814948
Sinking,scenario_1_c,0,1,24000,1.002758510485583,-0.8573559218589155,0.0,True,21.902883589901787,True,17.019767268949202,wind,False,
Sinking,scenario_1_c,1,2,24000,1.0,0.0,0.0,True,27.6501661045754,False,,,True,18.283486233333072
Sinking,scenario_1_c,2,1,24000,1.002758510485583,-0.8573559218589155,0.0,True,21.902883589901787,True,17.019767268949202,wind,False,
Sinking,scenario_1_c,3,3,24000,1.0,0.0,0.0,False,,True,22.863272508375495,wind,True,27.69713823040516
Sinking,scenario_1_c,4,1,24000,1.002758510485583,-0.8573559218589155,0.0,True,21.902883589901787,True,17.019767268949202,wind,False,
Sinking,scenario_1_c,5,2,24000,1.0,0.0,0.0,True,27.6501661045754,False,,,True,18.283486233333072
Sinking,scenario_1_c,6,1,24000,1.002758510485583,-0.8573559218589155,0.0,True,21.902883589901787,True,17.019767268949202,wind,False,
Sinking,scenario_1_c,7,3,24000,1.0,0.0,0.0,False,,True,22.863272508375495,wind,True,27.69713823040516
Sinking,scenario_2_a,0,1,24000,0.9299735231311582,0.0,0.951701333852883,True,21.58707726598321,True,23.023121291154133,sea_waves,False,
Sinking,scenario_2_a,1,2,24000,1.0,0.0,0.0,True,15.081664647808932,True,23.303954852792025,thunderstorm,True,19.259226095741834
Sinking,scenario_2_a,2,1,24000,0.9299735231311582,0.0,0.951701333852883,True,21.58707726598321,True,23.023121291154133,sea_waves,False,
Sinking,scenario_2_a,3,3,24000,1.0,0.0,0.0,True,23.001068382221796,False,,,True,17.645492218938433
Sinking,scenario_2_a,4,1,24000,0.9299735231311582,0.0,0.951701333852883,True,21.58707726598321,True,23.023121291154133,sea_waves,False,
Sinking,scenario_2_a,5,2,24000,1.0,0.0,0.0,True,15.081664647808932,True,23.303954852792025,thunderstorm,True,19.259226095741834
Sinking,scenario_2_a,6,3,24000,1.0,0.0,0.0,True,23.001068382221796,False,,,True,17.645492218938433
Sinking,scenario_2_b,0,1,24000,0.9745926016924065,0.0,0.0,True,29.66291092905464,False,,,False,
Sinking,scenario_2_b,1,2,24000,1.0,0.0,0.0,False,,True,18.146264244195436,thunderstorm,True,26.62198003384147
Sinking,scenario_2_b,2,1,24000,0.9745926016924065,0.0,0.0,True,29.66291092905464,False,,,False,
Sinking,scenario_2_b,3,3,24000,1.0,0.0,-0.4503031412515581,False,,True,23.707158297714663,sea_waves,False,
Sinking,scenario_2_b,4,1,24000,0.9745926016924065,0.0,0.0,True,29.66291092905464,False,,,False,
Sinking,scenario_2_b,5,2,24000,1.0,0.0,0.0,False,,True,18.146264244195436,thunderstorm,True,26.62198003384147
Sinking,scenario_2_b,6,3,24000,1.0,0.0,-0.4503031412515581,False,,True,23.707158297714663,sea_waves,False,
Sinking,scenario_2_c,0,1,24000,1.0322829359322747,0.0,0.0,True,25.89423388768439,False,,,True,18.877584860373407
Sinking,scenario_2_c,1,2,24000,1.0,-1.2403709029278809,0.0,True,16.400514499325954,False,,,True,17.545886333428854
Sinking,scenario_2_c,2,1,24000,1.0322829359322747,0.0,0.0,True,25.89423388768439,False,,,True,18.877584860373407
Sinking,scenario_2_c,3,3,24000,1.0262591977201176,0.44458543090951563,0.0,False,,True,16.849668552125355,wind,True,22.967588291927562
Sinking,scenario_2_c,4,1,24000,1.0322829359322747,0.0,0.0,True,25.89423388768439,False,,,True,18.877584860373407
Sinking,scenario_2_c,5,2,24000,1.0,-1.2403709029278809,0.0,True,16.400514499325954,False,,,True,17.545886333428854
Sinking,scenario_2_c,6,3,24000,1.0262591977201176,0.44458543090951563,0.0,False,,True,16.849668552125355,wind,True,22.967588291927562
Sinking,scenario_3_a,0,1,24000,1.0,0.0,0.0,True,24.95982939608803,True,20.011505323896166,thunderstorm,False,
Sinking,scenario_3_a,1,2,24000,1.0,0.0,0.0,True,18.279468341434985,True,27.05227198484041,engine,False,
Sinking,scenario_3_a,2,1,24000,1.0,0.0,0.0,True,24.95982939608803,True,20.011505323896166,thunderstorm,False,
Sinking,scenario_3_a,3,3,24000,1.0209736776101415,1.6282980399473255,-0.9060864806578788,True,20.33426942317162,False,,,False,
Sinking,scenario_3_a,4,1,24000,1.0,0.0,0.0,True,24.95982939608803,True,20.011505323896166,thunderstorm,False,
Sinking,scenario_3_a,5,2,24000,1.0,0.0,0.0,True,18.279468341434985,True,27.05227198484041,engine,False,
Sinking,scenario_3_a,6,3,24000,1.0209736776101415,1.6282980399473255,-0.9060864806578788,True,20.33426942317162,False,,,False,
Sinking,scenario_3_b,0,1,24000,1.0,0.0,0.0,True,28.503926570818564,True,23.456700585632788,thunderstorm,True,15.890015877075054
Sinking,scenario_3_b,1,2,24000,1.0435121789206045,0.8088938685978211,0.0,True,29.230498476207224,False,,,True,25.971918212142143
Sinking,scenario_3_b,2,1,24000,1.0,0.0,0.0,True,28.503926570818564,True,23.456700585632788,thunderstorm,True,15.890015877075054
Sinking,scenario_3_b,3,3,24000,0.9684774691511007,0.0,0.0,True,26.50528492576842,False,,,True,18.428921617325294
Sinking,scenario_3_b,4,1,24000,1.0,0.0,0.0,True,28.503926570818564,True,23.456700585632788,thunderstorm,True,15.890015877075054
Sinking,scenario_3_b,5,2,24000,1.0435121789206045,0.8088938685978211,0.0,True,29.230498476207224,False,,,True,25.971918212142143
Sinking,scenario_3_b,6,3,24000,0.9684774691511007,0.0,0.0,True,26.50528492576842,False,,,True,18.428921617325294
Sinking,scenario_3_c,0,1,24000,1.0,0.0,0.0,True,15.267821487107364,True,16.56989764224881,engine,True,23.659342636949276
Sinking,scenario_3_c,1,2,24000,1.0,0.0,0.0,True,16.688392326529474,True,26.788436589017877,engine,True,22.925158674733783
Sinking,scenario_3_c,2,1,24000,1.0,0.0,0.0,True,15.267821487107364,True,16.56989764224881,engine,True,23.659342636949276
Sinking,scenario_3_c,3,3,24000,1.0,0.0,-0.8059485210406625,False,,True,24.130612902453784,wind,False,
Sinking,scenario_3_c,4,1,24000,1.0,0.0,0.0,True,15.267821487107364,True,16.56989764224881,engine,True,23.659342636949276
Sinking,scenario_3_c,5,2,24000,1.0,0.0,0.0,True,16.688392326529474,True,26.788436589017877,engine,True,22.925158674733783
Sinking,scenario_3_c,6,3,24000,1.0,0.0,-0.8059485210406625,False,,True,24.130612902453784,wind,False,
Sinking,scenario_4_a,0,1,24000,0.9836325464216727,-0.4991707220443229,0.0,True,28.460407830348917,True,19.829664811921113,wind,False,
Sinking,scenario_4_a,1,2,24000,1.0694728536457767,0.0,0.0,True,16.79437329546971,False,,,True,27.82299988132539
Sinking,scenario_4_a,2,1,24000,0.9836325464216727,-0.4991707220443229,0.0,True,28.460407830348917,True,19.829664811921113,wind,False,
Sinking,scenario_4_a,3,3,24000,1.0392049509798469,1.1173759384464113,0.4260591036122221,True,18.860152120306374,False,,,True,20.323991665537136
Sinking,scenario_4_a,4,1,24000,0.9836325464216727,-0.4991707220443229,0.0,True,28.460407830348917,True,19.829664811921113,wind,False,
Sinking,scenario_4_a,5,2,24000,1.0694728536457767,0.0,0.0,True,16.79437329546971,False,,,True,27.82299988132539
Sinking,scenario_4_a,6,3,24000,1.0392049509798469,1.1173759384464113,0.4260591036122221,True,18.860152120306374,False,,,True,20.323991665537136
Sinking,scenario_4_b,0,1,24000,1.0,0.0,0.0,True,29.983940796368778,True,24.71299839909594,sea_waves,True,25.262476420708968
Sinking,scenario_4_b,1,2,24000,1.0,0.0,0.0,True,16.129249736564276,False,,,True,17.04428313607862
Sinking,scenario_4_b,2,1,24000,1.0,0.0,0.0,True,29.983940796368778,True,24.71299839909594,sea_waves,True,25.262476420708968
Sinking,scenario_4_b,3,3,24000,0.9639232902187529,-0.7208878949387829,0.0,True,19.181400600976588,True,16.440051951121095,wind,True,20.241526119151786
Sinking,scenario_4_b,4,1,24000,1.0,0.0,0.0,True,29.983940796368778,True,24.71299839909594,sea_waves,True,25.262476420708968
Sinking,scenario_4_b,5,2,24000,1.0,0.0,0.0,True,16.129249736564276,False,,,True,17.04428313607862
Sinking,scenario_4_b,6,3,24000,0.9639232902187529,-0.7208878949387829,0.0,True,19.181400600976588,True,16.440051951121095,wind,True,20.241526119151786
Sinking,scenario_4_c,0,1,24000,1.0,0.0,0.0,True,19.951424723815272,False,,,True,17.9287974267602
Sinking,scenario_4_c,1,2,24000,1.0,0.0,0.0,True,25.933386620043528,False,,,False,
Sinking,scenario_4_c,2,1,24000,1.0,0.0,0.0,True,19.951424723815272,False,,,True,17.9287974267602
Sinking,scenario_4_c,3,3,24000,1.0,0.0,0.0,False,,False,,,True,15.465783088499853
Sinking,scenario_4_c,4,1,24000,1.0,0.0,0.0,True,19.951424723815272,False,,,True,17.9287974267602
Sinking,scenario_4_c,5,2,24000,1.0,0.0,0.0,True,25.933386620043528,False,,,False,
Sinking,scenario_4_c,6,3,24000,1.0,0.0,0.0,False,,False,,,True,15.465783088499853
Sinking,scenario_5_a,0,1,24000,0.9688248950619202,-1.8299112016379024,0.0,False,,True,27.583675591000056,wind,False,
Sinking,scenario_5_a,1,2,24000,1.0,0.0,0.0,True,15.53782101001641,True,28.41724807295137,rain,True,24.491529212481307
Sinking,scenario_5_a,2,1,24000,0.9688248950619202,-1.8299112016379024,0.0,False,,True,27.583675591000056,wind,False,
Sinking,scenario_5_a,3,3,24000,1.0,1.3699094713192084,0.0,True,21.223097779315037,True,15.748315888154849,engine,False,
Sinking,scenario_5_a,4,1,24000,0.9688248950619202,-1.8299112016379024,0.0,False,,True,27.583675591000056,wind,False,
Sinking,scenario_5_a,5,2,24000,1.0,0.0,0.0,True,15.53782101001641,True,28.41724807295137,rain,True,24.491529212481307
Sinking,scenario_5_a,6,3,24000,1.0,1.3699094713192084,0.0,True,21.223097779315037,True,15.748315888154849,engine,False,
Sinking,scenario_5_b,0,1,24000,1.0,0.0,0.0,True,26.379564513152587,True,15.152370051538515,thunderstorm,False,
Sinking,scenario_5_b,1,2,24000,1.0,0.0,-0.40681379492092207,True,15.229883747979063,False,,,True,17.17721003608362
Sinking,scenario_5_b,2,1,24000,1.0,0.0,0.0,True,26.379564513152587,True,15.152370051538515,thunderstorm,False,
Sinking,scenario_5_b,3,3,24000,1.0486005426843559,0.0,-0.6265810646714332,True,20.196420695539786,False,,,True,18.988551834110247
Sinking,scenario_5_b,4,1,24000,1.0,0.0,0.0,True,26.379564513152587,True,15.152370051538515,thunderstorm,False,
Sinking,scenario_5_b,5,2,24000,1.0,0.0,-0.40681379492092207,True,15.229883747979063,False,,,True,17.17721003608362
Sinking,scenario_5_b,6,3,24000,1.0486005426843559,0.0,-0.6265810646714332,True,20.196420695539786,False,,,True,18.988551834110247
Sinking,scenario_5_c,0,1,24000,1.0,-0.27693651207248493,0.0,False,,False,,,True,28.064836941491855
Sinking,scenario_5_c,1,2,24000,1.0,-0.181608444497543,0.0,True,19.577828747669216,True,28.886271897748387,rain,True,27.014777739270606
Sinking,scenario_5_c,2,1,24000,1.0,-0.27693651207248493,0.0,False,,False,,,True,28.064836941491855
Sinking,scenario_5_c,3,3,24000,1.0,0.0,-0.49929474698176546,True,18.740756049839344,True,29.549823970561313,wind,True,18.941905929831222
Sinking,scenario_5_c,4,1,24000,1.0,-0.27693651207248493,0.0,False,,False,,,True,28.064836941491855
Sinking,scenario_5_c,5,2,24000,1.0,-0.181608444497543,0.0,True,19.577828747669216,True,28.886271897748387,rain,True,27.014777739270606
Sinking,scenario_5_c,6,3,24000,1.0,0.0,-0.49929474698176546,True,18.740756049839344,True,29.549823970561313,wind,True,18.941905929831222
Sinking,scenario_6_a,0,1,24000,0.9974764493254289,0.0,0.0,True,20.180329631798685,True,17.781047116783668,sea_waves,True,23.023933237314637
Sinking,scenario_6_a,1,2,24000,1.0,0.0,-0.32299335755654557,True,16.321142660541327,True,17.604510284709082,sea_waves,True,18.65020309882941
Sinking,scenario_6_a,2,1,24000,0.9974764493254289,0.0,0.0,True,20.180329631798685,True,17.781047116783668,sea_waves,True,23.023933237314637
Sinking,scenario_6_a,3,3,24000,1.0,0.0,0.0,True,18.829849060049725,True,15.557225121619227,rain,True,26.35922026855817
Sinking,scenario_6_a,4,1,24000,0.9974764493254289,0.0,0.0,True,20.180329631798685,True,17.781047116783668,sea_waves,True,23.023933237314637
Sinking,scenario_6_a,5,2,24000,1.0,0.0,-0.32299335755654557,True,16.321142660541327,True,17.604510284709082,sea_waves,True,18.65020309882941
Sinking,scenario_6_a,6,3,24000,1.0,0.0,0.0,True,18.829849060049725,True,15.557225121619227,rain,True,26.35922026855817
Sinking,scenario_6_b,0,1,24000,1.0,0.0,0.0,True,24.369682385478484,True,18.52366448878181,sea_waves,True,15.484179314203708
Sinking,scenario_6_b,1,2,24000,1.0778339584728835,0.0,0.0,True,26.446727509416522,False,,,True,23.583664790324118
Sinking,scenario_6_b,2,1,24000,1.0,0.0,0.0,True,24.369682385478484,True,18.52366448878181,sea_waves,True,15.484179314203708
Sinking,scenario_6_b,3,3,24000,1.0,0.0,0.0,True,23.201024014972624,False,,,False,
Sinking,scenario_6_b,4,1,24000,1.0,0.0,0.0,True,24.369682385478484,True,18.52366448878181,sea_waves,True,15.484179314203708
Sinking,scenario_6_b,5,2,24000,1.0778339584728835,0.0,0.0,True,26.446727509416522,False,,,True,23.583664790324118
Sinking,scenario_6_b,6,3,24000,1.0,0.0,0.0,True,23.201024014972624,False,,,False,
Sinking,scenario_6_c,0,1,24000,1.0,0.0,0.8515304585809318,True,27.606825670749565,True,19.182453560377756,rain,True,25.12636557839657
Sinking,scenario_6_c,1,2,24000,0.91065923192014,-0.7993721880705844,0.0,True,21.179471954376673,True,18.78817347363385,wind,False,
Sinking,scenario_6_c,2,1,24000,1.0,0.0,0.8515304585809318,True,27.606825670749565,True,19.182453560377756,rain,True,25.12636557839657
Sinking,scenario_6_c,3,3,24000,1.0,0.0,0.0,False,,False,,,False,
Sinking,scenario_6_c,4,1,24000,1.0,0.0,0.8515304585809318,True,27.606825670749565,True,19.182453560377756,rain,True,25.12636557839657
Sinking,scenario_6_c,5,2,24000,0.91065923192014,-0.7993721880705844,0.0,True,21.179471954376673,True,18.78817347363385,wind,False,
Sinking,scenario_6_c,6,3,24000,1.0,0.0,0.0,False,,False,,,False,
Sinking,scenario_7_a,0,1,24000,1.0,0.0,0.6579299469102271,True,24.23328082755725,False,,,True,23.271163731934607
Sinking,scenario_7_a,1,2,24000,1.0,0.0,0.0,True,26.216527938494195,True,27.003127864922032,wind,True,26.389641449784083
Sinking,scenario_7_a,2,1,24000,1.0,0.0,0.6579299469102271,True,24.23328082755725,False,,,True,23.271163731934607
Sinking,scenario_7_a,3,3,24000,1.0,0.0,0.0,True,26.373182834584355,False,,,True,19.041525879986725
Sinking,scenario_7_a,4,1,24000,1.0,0.0,0.6579299469102271,True,24.23328082755725,False,,,True,23.271163731934607
Sinking,scenario_7_a,5,2,24000,1.0,0.0,0.0,True,26.216527938494195,True,27.003127864922032,wind,True,26.389641449784083
Sinking,scenario_7_a,6,3,24000,1.0,0.0,0.0,True,26.373182834584355,False,,,True,19.041525879986725
Sinking,scenario_7_b,0,1,24000,1.0,0.0,0.0,False,,False,,,True,26.90204362962816
Sinking,scenario_7_b,1,2,24000,1.0,0.0,0.0,True,21.00583442969058,False,,,False,
Sinking,scenario_7_b,2,1,24000,1.0,0.0,0.0,False,,False,,,True,26.90204362962816
Sinking,scenario_7_b,3,3,24000,1.0,0.0,0.0,True,29.86516770301657,True,18.29812549202529,rain,True,20.12477164197341
Sinking,scenario_7_b,4,1,24000,1.0,0.0,0.0,False,,False,,,True,26.90204362962816
Sinking,scenario_7_b,5,2,24000,1.0,0.0,0.0,True,21.00583442969058,False,,,False,
Sinking,scenario_7_b,6,3,24000,1.0,0.0,0.0,True,29.86516770301657,True,18.29812549202529,rain,True,20.12477164197341
Sinking,scenario_7_c,0,1,24000,1.0,0.0,0.0,True,25.74347196367813,True,18.258184541491357,sea_waves,True,15.066883708053727
Sinking,scenario_7_c,1,2,24000,0.9279003446422499,-0.1155790730186248,0.0,False,,False,,,True,27.64030938698336
Sinking,scenario_7_c,2,1,24000,1.0,0.0,0.0,True,25.74347196367813,True,18.258184541491357,sea_waves,True,15.066883708053727
Sinking,scenario_7_c,3,3,24000,1.0,0.0,0.0,False,,False,,,True,20.00738685789419
Sinking,scenario_7_c,4,1,24000,1.0,0.0,0.0,True,25.74347196367813,True,18.258184541491357,sea_waves,True,15.066883708053727
Sinking,scenario_7_c,5,2,24000,0.9279003446422499,-0.1155790730186248,0.0,False,,False,,,True,27.64030938698336
Sinking,scenario_7_c,6,3,24000,1.0,0.0,0.0,False,,False,,,True,20.00738685789419
Sinking,scenario_8_a,0,1,24000,1.0,0.0,0.0,True,26.35820086664947,False,,,True,17.17459842131958
Sinking,scenario_8_a,1,2,24000,1.0,0.0,0.0,True,26.84433171388116,True,22.15164898773049,rain,True,16.531172304773843
Sinking,scenario_8_a,2,1,24000,1.0,0.0,0.0,True,26.35820086664947,False,,,True,17.17459842131958
Sinking,scenario_8_a,3,3,24000,1.0,0.0,0.0,True,19.47175608370803,True,18.745877681554475,rain,True,21.53561555368409
Sinking,scenario_8_a,4,1,24000,1.0,0.0,0.0,True,26.35820086664947,False,,,True,17.17459842131958
Sinking,scenario_8_a,5,2,24000,1.0,0.0,0.0,True,26.84433171388116,True,22.15164898773049,rain,True,16.531172304773843
Sinking,scenario_8_a,6,3,24000,1.0,0.0,0.0,True,19.47175608370803,True,18.745877681554475,rain,True,21.53561555368409
Sinking,scenario_8_b,0,1,24000,1.005136140835889,0.0,0.39800726245982787,True,28.916132658174313,True,23.192319717862723,sea_waves,True,22.85837382854858
Sinking,scenario_8_b,1,2,24000,0.9005216804718833,0.0,0.0,True,24.294757879877835,True,23.915286061345064,rain,False,
Sinking,scenario_8_b,2,1,24000,1.005136140835889,0.0,0.39800726245982787,True,28.916132658174313,True,23.192319717862723,sea_waves,True,22.85837382854858
Sinking,scenario_8_b,3,3,24000,1.0,0.0,0.0,False,,False,,,False,
Sinking,scenario_8_b,4,1,24000,1.005136140835889,0.0,0.39800726245982787,True,28.916132658174313,True,23.192319717862723,sea_waves,True,22.85837382854858
Sinking,scenario_8_b,5,2,24000,0.9005216804718833,0.0,0.0,True,24.294757879877835,True,23.915286061345064,rain,False,
Sinking,scenario_8_b,6,3,24000,1.0,0.0,0.0,False,,False,,,False,
Sinking,scenario_8_c,0,1,24000,1.0,0.0,0.0,True,22.095570790294104,True,27.56456352255462,rain,True,22.26596578458456
Sinking,scenario_8_c,1,2,24000,0.9389511510959417,0.0,0.0,True,21.850312007500868,True,27.39196394749598,engine,False,
Sinking,scenario_8_c,2,1,24000,1.0,0.0,0.0,True,22.095570790294104,True,27.56456352255462,rain,True,22.26596578458456
Sinking,scenario_8_c,3,3,24000,1.0,0.0,0.0,True,26.477263256440942,True,24.050365639051,sea_waves,True,16.588564200634142
Sinking,scenario_8_c,4,1,24000,1.0,0.0,0.0,True,22.095570790294104,True,27.56456352255462,rain,True,22.26596578458456
Sinking,scenario_8_c,5,2,24000,0.9389511510959417,0.0,0.0,True,21.850312007500868,True,27.39196394749598,engine,False,
Sinking,scenario_8_c,6,3,24000,1.0,0.0,0.0,True,26.477263256440942,True,24.050365639051,sea_waves,True,16.588564200634142
Sinking,scenario_9_a,0,1,24000,1.0,0.08086591049801539,0.0,True,19.605738905345625,True,26.47385244185879,sea_waves,False,
Sinking,scenario_9_a,1,2,24000,1.0,1.2864713493482633,-0.008369226741283375,True,16.494512162879694,True,16.94566911362076,engine,True,15.66707577134941
Sinking,scenario_9_a,2,1,24000,1.0,0.08086591049801539,0.0,True,19.605738905345625,True,26.47385244185879,sea_waves,False,
Sinking,scenario_9_a,3,3,24000,1.0,0.0,0.0,True,17.125674317249633,False,,,True,19.309571011566142
Sinking,scenario_9_a,4,1,24000,1.0,0.08086591049801539,0.0,True,19.605738905345625,True,26.47385244185879,sea_waves,False,
Sinking,scenario_9_a,5,2,24000,1.0,1.2864713493482633,-0.008369226741283375,True,16.494512162879694,True,16.94566911362076,engine,True,15.66707577134941
Sinking,scenario_9_a,6,3,24000,1.0,0.0,0.0,True,17.125674317249633,False,,,True,19.309571011566142
Sinking,scenario_9_b,0,1,24000,1.0,1.0352007222825215,0.0,True,26.954547554580238,True,29.73067075596085,rain,True,15.741178278913278
Sinking,scenario_9_b,1,2,24000,0.9054458723910292,-0.2096390865318054,0.0,True,25.08118251276565,True,19.993662095968265,sea_waves,True,27.54262575749019
Sinking,scenario_9_b,2,1,24000,1.0,1.0352007222825215,0.0,True,26.954547554580238,True,29.73067075596085,rain,True,15.741178278913278
Sinking,scenario_9_b,3,3,24000,1.0,0.0,0.0,True,21.823245942087745,False,,,True,25.36813810103292
Sinking,scenario_9_b,4,1,24000,1.0,1.0352007222825215,0.0,True,26.954547554580238,True,29.73067075596085,rain,True,15.741178278913278
Sinking,scenario_9_b,5,2,24000,0.9054458723910292,-0.2096390865318054,0.0,True,25.08118251276565,True,19.993662095968265,sea_waves,True,27.54262575749019
Sinking,scenario_9_b,6,3,24000,1.0,0.0,0.0,True,21.823245942087745,False,,,True,25.36813810103292
Sinking,scenario_9_c,0,1,24000,1.0,0.0,0.0,True,17.52281435688822,False,,,True,18.744187959277603
Sinking,scenario_9_c,1,2,24000,1.0,-0.3087170225467175,0.0,True,22.611004787628005,False,,,False,
Sinking,scenario_9_c,2,1,24000,1.0,0.0,0.0,True,17.52281435688822,False,,,True,18.744187959277603
Sinking,scenario_9_c,3,3,24000,1.0,1.9655872989729328,0.7198194976349614,True,21.663237543596917,True,15.926075291059817,wind,True,24.39103309079831
Sinking,scenario_9_c,4,1,24000,1.0,0.0,0.0,True,17.52281435688822,False,,,True,18.744187959277603
Sinking,scenario_9_c,5,2,24000,1.0,-0.3087170225467175,0.0,True,22.611004787628005,False,,,False,
Sinking,scenario_9_c,6,3,24000,1.0,1.9655872989729328,0.7198194976349614,True,21.663237543596917,True,15.926075291059817,wind,True,24.39103309079831
